check,scenario,family,role,model,task_type,metric,estimate,ci_low,ci_high
default_1e-6,shared_repositories,quality,supplementary,binary,all,marginal_probability_ai,0.09582648249667261,0.0819104693284427,0.11631505254729105
default_1e-6,shared_repositories,quality,supplementary,binary,all,marginal_probability_human,0.10609772052784482,0.08882491508999475,0.13221575805017713
default_1e-6,shared_repositories,quality,supplementary,binary,all,risk_difference,-0.010271238031172206,-0.03430098807529664,0.011682762973039358
default_1e-6,shared_repositories,quality,supplementary,binary,all,risk_ratio,0.9031907756352167,0.7335951678215331,1.1230360126523835
default_1e-6,shared_repositories,quality,supplementary,binary,all,marginal_odds_ratio,0.8929307013634945,0.7067255777552297,1.1385019325990091
default_1e-6,shared_repositories,quality,supplementary,binary,feat,marginal_probability_ai,0.1311951001328113,0.11129171616744526,0.1561837873178261
default_1e-6,shared_repositories,quality,supplementary,binary,feat,marginal_probability_human,0.13914116389275516,0.11590645806083705,0.1719943765633023
default_1e-6,shared_repositories,quality,supplementary,binary,feat,risk_difference,-0.007946063759943861,-0.037804786966939,0.01851960351176587
default_1e-6,shared_repositories,quality,supplementary,binary,feat,risk_ratio,0.9428920706307417,0.7637080073028956,1.146356719653008
default_1e-6,shared_repositories,quality,supplementary,binary,feat,marginal_odds_ratio,0.9342684078117099,0.7293095189818765,1.1698632136110994
default_1e-6,shared_repositories,quality,supplementary,binary,fix,marginal_probability_ai,0.05470833712826563,0.038162252735476056,0.08050486280639814
default_1e-6,shared_repositories,quality,supplementary,binary,fix,marginal_probability_human,0.0694634770311528,0.05252646116815233,0.09592448026266587
default_1e-6,shared_repositories,quality,supplementary,binary,fix,risk_difference,-0.014755139902887168,-0.04541643539447572,0.016131993295977743
default_1e-6,shared_repositories,quality,supplementary,binary,fix,risk_ratio,0.7875842020365634,0.48777807209840274,1.2782435594913195
default_1e-6,shared_repositories,quality,supplementary,binary,fix,marginal_odds_ratio,0.7752907316265423,0.4660403074842516,1.3012798470310563
default_1e-6,shared_repositories,quality,supplementary,binary,refactor,marginal_probability_ai,0.12048488558233475,0.08689364022250824,0.1754141586916356
default_1e-6,shared_repositories,quality,supplementary,binary,refactor,marginal_probability_human,0.12066913631350891,0.08694347885414982,0.17219813430989714
default_1e-6,shared_repositories,quality,supplementary,binary,refactor,risk_difference,-0.0001842507311741598,-0.054671708592095074,0.05677190793896806
default_1e-6,shared_repositories,quality,supplementary,binary,refactor,risk_ratio,0.998473091489646,0.6454779063849007,1.5707054095902375
default_1e-6,shared_repositories,quality,supplementary,binary,refactor,marginal_odds_ratio,0.9982639201017427,0.610841197005321,1.6693734841808086
start_Go_minus10,start_Go_minus10,quality,supplementary,binary,all,marginal_probability_ai,0.09582648248359853,0.08189548976595726,0.11635639406474195
start_Go_minus10,start_Go_minus10,quality,supplementary,binary,all,marginal_probability_human,0.10609772050505872,0.08886412289514548,0.13221418506729118
start_Go_minus10,start_Go_minus10,quality,supplementary,binary,all,risk_difference,-0.010271238021460197,-0.034376271830746936,0.01169879867646301
start_Go_minus10,start_Go_minus10,quality,supplementary,binary,all,risk_ratio,0.9031907757059637,0.7330349311936881,1.122990049898948
start_Go_minus10,start_Go_minus10,quality,supplementary,binary,all,marginal_odds_ratio,0.8929307014432878,0.7072349947429614,1.1384227036691166
start_Go_minus10,start_Go_minus10,quality,supplementary,binary,feat,marginal_probability_ai,0.13119510009730462,0.11123754623121074,0.1563548712513267
start_Go_minus10,start_Go_minus10,quality,supplementary,binary,feat,marginal_probability_human,0.1391411638608822,0.11590528263797864,0.17206465032364607
start_Go_minus10,start_Go_minus10,quality,supplementary,binary,feat,risk_difference,-0.007946063763577593,-0.03766020267392233,0.01836735421734066
start_Go_minus10,start_Go_minus10,quality,supplementary,binary,feat,risk_ratio,0.9428920705915446,0.7632689316575397,1.1464761511273556
start_Go_minus10,start_Go_minus10,quality,supplementary,binary,feat,marginal_odds_ratio,0.9342684077692801,0.7276764479765445,1.169733501603726
start_Go_minus10,start_Go_minus10,quality,supplementary,binary,fix,marginal_probability_ai,0.054708337133597934,0.03816405299730189,0.0805219639839529
start_Go_minus10,start_Go_minus10,quality,supplementary,binary,fix,marginal_probability_human,0.06946347701485021,0.05248601146311874,0.09587581658116025
start_Go_minus10,start_Go_minus10,quality,supplementary,binary,fix,risk_difference,-0.01475513988125228,-0.045584715068664204,0.016148736457006947
start_Go_minus10,start_Go_minus10,quality,supplementary,binary,fix,risk_ratio,0.7875842022981681,0.48711668701039923,1.2761366058538322
start_Go_minus10,start_Go_minus10,quality,supplementary,binary,fix,marginal_odds_ratio,0.7752907319020197,0.4652236486915528,1.2964026418314636
start_Go_minus10,start_Go_minus10,quality,supplementary,binary,refactor,marginal_probability_ai,0.12048488559009897,0.0870920157147702,0.17487317001632888
start_Go_minus10,start_Go_minus10,quality,supplementary,binary,refactor,marginal_probability_human,0.12066913630378644,0.0868646023018265,0.17252149989053397
start_Go_minus10,start_Go_minus10,quality,supplementary,binary,refactor,risk_difference,-0.00018425071368746715,-0.05510564696135325,0.05638859099924664
start_Go_minus10,start_Go_minus10,quality,supplementary,binary,refactor,risk_ratio,0.9984730916344374,0.6452951309475125,1.5674908377606789
start_Go_minus10,start_Go_minus10,quality,supplementary,binary,refactor,marginal_odds_ratio,0.9982639202663538,0.6107704549222979,1.6661032921944268
start_Go_minus20,start_Go_minus20,quality,supplementary,binary,all,marginal_probability_ai,0.09582648248338946,0.08190456167758235,0.11629033257064224
start_Go_minus20,start_Go_minus20,quality,supplementary,binary,all,marginal_probability_human,0.10609772050484154,0.08884061870907772,0.1322128657971459
start_Go_minus20,start_Go_minus20,quality,supplementary,binary,all,risk_difference,-0.010271238021452078,-0.03433561635643089,0.011689240166469885
start_Go_minus20,start_Go_minus20,quality,supplementary,binary,all,risk_ratio,0.9031907757058422,0.7333087679449557,1.1230023311910644
start_Go_minus20,start_Go_minus20,quality,supplementary,binary,all,marginal_odds_ratio,0.892930701443178,0.7067935563035084,1.1384442707165516
start_Go_minus20,start_Go_minus20,quality,supplementary,binary,feat,marginal_probability_ai,0.13119510009701257,0.11122932789584873,0.15620828419210878
start_Go_minus20,start_Go_minus20,quality,supplementary,binary,feat,marginal_probability_human,0.13914116386055772,0.11589659477680143,0.17201204419294883
start_Go_minus20,start_Go_minus20,quality,supplementary,binary,feat,risk_difference,-0.007946063763545147,-0.03770698111279028,0.01844878529949014
start_Go_minus20,start_Go_minus20,quality,supplementary,binary,feat,risk_ratio,0.9428920705916446,0.7633226723501053,1.1461764406584183
start_Go_minus20,start_Go_minus20,quality,supplementary,binary,feat,marginal_odds_ratio,0.9342684077694173,0.7286990964330469,1.1696433187775066
start_Go_minus20,start_Go_minus20,quality,supplementary,binary,fix,marginal_probability_ai,0.05470833713347812,0.038192317195691945,0.08051940702833958
start_Go_minus20,start_Go_minus20,quality,supplementary,binary,fix,marginal_probability_human,0.06946347701473814,0.052520945555989657,0.0959022818887534
start_Go_minus20,start_Go_minus20,quality,supplementary,binary,fix,risk_difference,-0.014755139881260017,-0.04551281766493585,0.016119415665178653
start_Go_minus20,start_Go_minus20,quality,supplementary,binary,fix,risk_ratio,0.7875842022977139,0.4868661165698523,1.2762222039177091
start_Go_minus20,start_Go_minus20,quality,supplementary,binary,fix,marginal_odds_ratio,0.7752907319015678,0.4647674857705076,1.298974545459012
start_Go_minus20,start_Go_minus20,quality,supplementary,binary,refactor,marginal_probability_ai,0.12048488558986618,0.0869288931741359,0.17520936543916238
start_Go_minus20,start_Go_minus20,quality,supplementary,binary,refactor,marginal_probability_human,0.1206691363035881,0.08696227665223251,0.17253845563361703
start_Go_minus20,start_Go_minus20,quality,supplementary,binary,refactor,risk_difference,-0.00018425071372191182,-0.05489904143697245,0.056500610445054396
start_Go_minus20,start_Go_minus20,quality,supplementary,binary,refactor,risk_ratio,0.9984730916341494,0.6461768357091495,1.5705960918854158
start_Go_minus20,start_Go_minus20,quality,supplementary,binary,refactor,marginal_odds_ratio,0.9982639202660265,0.6109300415286741,1.66276731840996
