scenario,family,role,model,task_type,metric,estimate,ci_low,ci_high
baseline,quality,supplementary,binary,all,marginal_probability_ai,0.09854072782840526,0.08759450249735061,0.11553825592779834
baseline,quality,supplementary,binary,all,marginal_probability_human,0.10799016162296218,0.09156245442071635,0.13307581218445322
baseline,quality,supplementary,binary,all,risk_difference,-0.009449433794556927,-0.033585476450651616,0.010975030103544043
baseline,quality,supplementary,binary,all,risk_ratio,0.9124972714871122,0.7453625168934607,1.1138059995957659
baseline,quality,supplementary,binary,all,marginal_odds_ratio,0.9029321332486874,0.7180456491251279,1.1282412966010757
baseline,quality,supplementary,binary,feat,marginal_probability_ai,0.13525307533174816,0.11721583140282758,0.159185196584662
baseline,quality,supplementary,binary,feat,marginal_probability_human,0.14366713201796436,0.1216659894934784,0.17559147861463703
baseline,quality,supplementary,binary,feat,risk_difference,-0.008414056686216198,-0.03792539341159726,0.018609743364108082
baseline,quality,supplementary,binary,feat,risk_ratio,0.9414336698447903,0.7722450186291407,1.1368934752099613
baseline,quality,supplementary,binary,feat,marginal_odds_ratio,0.9322734449993241,0.7388302277933877,1.162518106572097
baseline,quality,supplementary,binary,fix,marginal_probability_ai,0.05776412684806101,0.04413037422344103,0.07871211255450261
baseline,quality,supplementary,binary,fix,marginal_probability_human,0.07097911610572337,0.05468363975280702,0.0964345934212108
baseline,quality,supplementary,binary,fix,risk_difference,-0.01321498925766236,-0.04212146086490691,0.012660624342619508
baseline,quality,supplementary,binary,fix,risk_ratio,0.8138186274681325,0.5449256431254568,1.2164578839098539
baseline,quality,supplementary,binary,fix,marginal_odds_ratio,0.8024047079537959,0.5221817742847079,1.2331421994886875
baseline,quality,supplementary,binary,refactor,marginal_probability_ai,0.12024149214410254,0.09007760978661915,0.16587247650604225
baseline,quality,supplementary,binary,refactor,marginal_probability_human,0.11611164548510733,0.08529675438167414,0.16331618252334457
baseline,quality,supplementary,binary,refactor,risk_difference,0.004129846658995212,-0.04980196048528387,0.055888195725976086
baseline,quality,supplementary,binary,refactor,risk_ratio,1.0355678936573585,0.6782734425050654,1.5840390063388448
baseline,quality,supplementary,binary,refactor,marginal_odds_ratio,1.040429155660049,0.6405698425689265,1.6869584508929063
exclude_top1,quality,supplementary,binary,all,marginal_probability_ai,0.05373303394489489,0.04592028605944938,0.06688569250289539
exclude_top1,quality,supplementary,binary,all,marginal_probability_human,0.060318042434458735,0.04897945544125369,0.0791153052082246
exclude_top1,quality,supplementary,binary,all,risk_difference,-0.006585008489563844,-0.024637697541983618,0.009441802504821123
exclude_top1,quality,supplementary,binary,all,risk_ratio,0.8908285444323052,0.672976979805345,1.1858338952613912
exclude_top1,quality,supplementary,binary,all,marginal_odds_ratio,0.8846293282086979,0.6556952061386258,1.1976490835147866
exclude_top1,quality,supplementary,binary,feat,marginal_probability_ai,0.0699561528890809,0.0591545415169645,0.08665730619359946
exclude_top1,quality,supplementary,binary,feat,marginal_probability_human,0.07851988392398497,0.06380884068097775,0.10252052066277766
exclude_top1,quality,supplementary,binary,feat,risk_difference,-0.00856373103490407,-0.03144594235710863,0.010575486348001139
exclude_top1,quality,supplementary,binary,feat,risk_ratio,0.8909355107657239,0.6791537835256013,1.1578470208608012
exclude_top1,quality,supplementary,binary,feat,marginal_odds_ratio,0.8827318845524613,0.6581968880183798,1.171384170404102
exclude_top1,quality,supplementary,binary,fix,marginal_probability_ai,0.032099002802981585,0.022472640478892008,0.049365582663397044
exclude_top1,quality,supplementary,binary,fix,marginal_probability_human,0.03862505328039861,0.027400353920509365,0.058065149863034994
exclude_top1,quality,supplementary,binary,fix,risk_difference,-0.006526050477417021,-0.028997929017865874,0.015129420434210197
exclude_top1,quality,supplementary,binary,fix,risk_ratio,0.8310409974054624,0.4580659299661453,1.5034683512947284
exclude_top1,quality,supplementary,binary,fix,marginal_odds_ratio,0.825437722366407,0.44526359682519845,1.5241530663458445
exclude_top1,quality,supplementary,binary,refactor,marginal_probability_ai,0.08124444873971977,0.057423066527320925,0.1171531554260061
exclude_top1,quality,supplementary,binary,refactor,marginal_probability_human,0.07839535936945191,0.05342860433054269,0.11889270043882573
exclude_top1,quality,supplementary,binary,refactor,risk_difference,0.002849089370267857,-0.04423770801181975,0.04839016998206708
exclude_top1,quality,supplementary,binary,refactor,risk_ratio,1.0363425768206638,0.59197409550085,1.7839939711620214
exclude_top1,quality,supplementary,binary,refactor,marginal_odds_ratio,1.039556307192715,0.5644783535745879,1.8824491322656636
exclude_top5,quality,supplementary,binary,all,marginal_probability_ai,0.03498336641181612,0.029579344253690774,0.04383071127842528
exclude_top5,quality,supplementary,binary,all,marginal_probability_human,0.0391988056108079,0.03225297430466919,0.05243229894223618
exclude_top5,quality,supplementary,binary,all,risk_difference,-0.004215439198991783,-0.017875974738909117,0.006781627751457568
exclude_top5,quality,supplementary,binary,all,risk_ratio,0.8924600090919734,0.6462974234250797,1.20059659911831
exclude_top5,quality,supplementary,binary,all,marginal_odds_ratio,0.8885615157656248,0.6322056808437201,1.2092917095181732
exclude_top5,quality,supplementary,binary,feat,marginal_probability_ai,0.052778225334750885,0.04311482917758661,0.06666113529061621
exclude_top5,quality,supplementary,binary,feat,marginal_probability_human,0.05290722761553675,0.04148289782869329,0.07161911268654188
exclude_top5,quality,supplementary,binary,feat,risk_difference,-0.0001290022807858629,-0.019362954067378667,0.015686858684490927
exclude_top5,quality,supplementary,binary,feat,risk_ratio,0.9975617266940674,0.7116791306527857,1.344765837082002
exclude_top5,quality,supplementary,binary,feat,marginal_odds_ratio,0.9974258686073867,0.6965782238336965,1.364831335073923
exclude_top5,quality,supplementary,binary,fix,marginal_probability_ai,0.014381062872172348,0.009627342739648498,0.02230805260689947
exclude_top5,quality,supplementary,binary,fix,marginal_probability_human,0.021713746399966653,0.015345441000423203,0.03350869524580811
exclude_top5,quality,supplementary,binary,fix,risk_difference,-0.007332683527794304,-0.019971115674252943,0.0028710794873037225
exclude_top5,quality,supplementary,binary,fix,risk_ratio,0.6623022396630014,0.37660264410706007,1.1553353012302643
exclude_top5,quality,supplementary,binary,fix,marginal_odds_ratio,0.6573749269458267,0.3698809969136061,1.1588889232843838
exclude_top5,quality,supplementary,binary,refactor,marginal_probability_ai,0.04965386052238472,0.03090342802854067,0.08540429109661149
exclude_top5,quality,supplementary,binary,refactor,marginal_probability_human,0.058501644520184685,0.03653978199040711,0.09911300396579038
exclude_top5,quality,supplementary,binary,refactor,risk_difference,-0.008847783997799966,-0.05645566375090799,0.03565328256975786
exclude_top5,quality,supplementary,binary,refactor,risk_ratio,0.8487600806717965,0.3986103092108838,1.8854010239921501
exclude_top5,quality,supplementary,binary,refactor,marginal_odds_ratio,0.8408580694489519,0.3776201536493797,1.9551449852423903
shared_repositories,quality,supplementary,binary,all,marginal_probability_ai,0.09582648249667261,0.0819104693284427,0.11631505254729105
shared_repositories,quality,supplementary,binary,all,marginal_probability_human,0.10609772052784482,0.08882491508999475,0.13221575805017713
shared_repositories,quality,supplementary,binary,all,risk_difference,-0.010271238031172206,-0.03430098807529664,0.011682762973039358
shared_repositories,quality,supplementary,binary,all,risk_ratio,0.9031907756352167,0.7335951678215331,1.1230360126523835
shared_repositories,quality,supplementary,binary,all,marginal_odds_ratio,0.8929307013634945,0.7067255777552297,1.1385019325990091
shared_repositories,quality,supplementary,binary,feat,marginal_probability_ai,0.1311951001328113,0.11129171616744526,0.1561837873178261
shared_repositories,quality,supplementary,binary,feat,marginal_probability_human,0.13914116389275516,0.11590645806083705,0.1719943765633023
shared_repositories,quality,supplementary,binary,feat,risk_difference,-0.007946063759943861,-0.037804786966939,0.01851960351176587
shared_repositories,quality,supplementary,binary,feat,risk_ratio,0.9428920706307417,0.7637080073028956,1.146356719653008
shared_repositories,quality,supplementary,binary,feat,marginal_odds_ratio,0.9342684078117099,0.7293095189818765,1.1698632136110994
shared_repositories,quality,supplementary,binary,fix,marginal_probability_ai,0.05470833712826563,0.038162252735476056,0.08050486280639814
shared_repositories,quality,supplementary,binary,fix,marginal_probability_human,0.0694634770311528,0.05252646116815233,0.09592448026266587
shared_repositories,quality,supplementary,binary,fix,risk_difference,-0.014755139902887168,-0.04541643539447572,0.016131993295977743
shared_repositories,quality,supplementary,binary,fix,risk_ratio,0.7875842020365634,0.48777807209840274,1.2782435594913195
shared_repositories,quality,supplementary,binary,fix,marginal_odds_ratio,0.7752907316265423,0.4660403074842516,1.3012798470310563
shared_repositories,quality,supplementary,binary,refactor,marginal_probability_ai,0.12048488558233475,0.08689364022250824,0.1754141586916356
shared_repositories,quality,supplementary,binary,refactor,marginal_probability_human,0.12066913631350891,0.08694347885414982,0.17219813430989714
shared_repositories,quality,supplementary,binary,refactor,risk_difference,-0.0001842507311741598,-0.054671708592095074,0.05677190793896806
shared_repositories,quality,supplementary,binary,refactor,risk_ratio,0.998473091489646,0.6454779063849007,1.5707054095902375
shared_repositories,quality,supplementary,binary,refactor,marginal_odds_ratio,0.9982639201017427,0.610841197005321,1.6693734841808086
