case_id,finding_id,relation,matched_reference_ids,reference_scope
case-00977e0ec8aff7fcb678,mf-13801105e50bcb09f499,no_reference,,original_raw
case-00977e0ec8aff7fcb678,mf-c1816aad0ac7a28c8203,no_reference,,original_raw
case-0e7910d93b1d2321cee6,mf-84869a37090263a9e055,no_reference,,original_raw
case-0e7910d93b1d2321cee6,mf-4e79a0440b5544fc746a,no_reference,,original_raw
case-210bb7200d289a3d2aa0,mf-0a12b0c6986a67b80f8b,no_reference,,original_raw
case-210bb7200d289a3d2aa0,mf-2bf6ad949922ecc0b946,no_reference,,original_raw
case-210bb7200d289a3d2aa0,mf-600d81be1f58ca8612ed,no_reference,,original_raw
case-210bb7200d289a3d2aa0,mf-93ac482e6b836def360e,no_reference,,original_raw
case-22b5befc227597e10e1c,mf-8f3eec0bcc61facde566,no_reference,,original_raw
case-22b5befc227597e10e1c,mf-6f413a38154d138657bc,no_reference,,original_raw
case-22b5befc227597e10e1c,mf-3c151d43a6f06111cede,no_reference,,original_raw
case-22b5befc227597e10e1c,mf-7129e16ce9786ad7ca8f,no_reference,,original_raw
case-22b5befc227597e10e1c,mf-5e3c7221156f54a2b44e,no_reference,,original_raw
case-22b5befc227597e10e1c,mf-50cf57f4fd4f7d9fbb04,no_reference,,original_raw
case-2a05c6f1f5871c732fc9,mf-1d853c4a8a5e49c3895e,no_reference,,original_raw
case-2a05c6f1f5871c732fc9,mf-d1e89d01a8fab57897be,no_reference,,original_raw
case-2a05c6f1f5871c732fc9,mf-548197042f1d7c4448cb,no_reference,,original_raw
case-2ae54e3d2402891653c9,mf-5dd36c15fb01f0a88cf4,no_reference,,original_raw
case-2ae54e3d2402891653c9,mf-1bc78d1f9da105634f70,no_reference,,original_raw
case-2ae54e3d2402891653c9,mf-ff53c84e0079e4c0e2af,no_reference,,original_raw
case-337b59edf712fccfe514,mf-619a5f9794a756618cc5,no_reference,,original_raw
case-337b59edf712fccfe514,mf-acfc5a04c490cbfa2f02,no_reference,,original_raw
case-337b59edf712fccfe514,mf-2a781417389326b186aa,no_reference,,original_raw
case-337b59edf712fccfe514,mf-e9637b78a3d68abe2207,no_reference,,original_raw
case-3579bc98fa0e953b64f7,mf-30f32a0977aea9d3d747,no_reference,,original_raw
case-3579bc98fa0e953b64f7,mf-4fc648e96741f6fcc33a,no_reference,,original_raw
case-3579bc98fa0e953b64f7,mf-304226469be09976571c,no_reference,,original_raw
case-4bdf822f70334d0f1dc2,mf-dc7c937399e82231dd08,no_reference,,original_raw
case-4bdf822f70334d0f1dc2,mf-ec6c7546059e682c960b,no_reference,,original_raw
case-525cca57fa45a53cdf40,mf-85547bb09960bb772937,no_reference,,original_raw
case-554adcd81abcd45211d3,mf-2f57e692c564d02712c5,no_reference,,original_raw
case-554adcd81abcd45211d3,mf-6a6d572f62b3b2b1e88c,no_reference,,original_raw
case-656157e34a42feec3ad8,mf-45dde033b9599c33a3b2,no_reference,,original_raw
case-656157e34a42feec3ad8,mf-3dbf6370d448e5fe088a,no_reference,,original_raw
case-656157e34a42feec3ad8,mf-1870ab7f8c113eb4b3fe,no_reference,,original_raw
case-656157e34a42feec3ad8,mf-850c1724e31d0f691a89,no_reference,,original_raw
case-656157e34a42feec3ad8,mf-eb8a055e89c3a242863b,no_reference,,original_raw
case-656157e34a42feec3ad8,mf-15a66c1edbf2d781b2aa,no_reference,,original_raw
case-656157e34a42feec3ad8,mf-63d6cd044015bc793ff6,no_reference,,original_raw
case-656157e34a42feec3ad8,mf-b4e7a2d6f9109b8d5047,no_reference,,original_raw
case-7769db528e070342d826,mf-7b13d633a68230180fe4,no_match,,original_raw
case-7769db528e070342d826,mf-5f591305b752997b2784,no_match,,original_raw
case-7769db528e070342d826,mf-e46d3cd4669b40cf3dca,no_match,,original_raw
case-7769db528e070342d826,mf-3a42851508ebcf6e4e43,no_match,,original_raw
case-7769db528e070342d826,mf-1fdcb096be9a926af5b9,no_match,,original_raw
case-7769db528e070342d826,mf-4a64a88a3fb3c1611239,no_match,,original_raw
case-7769db528e070342d826,mf-b77a250627043adcb48c,no_match,,original_raw
case-7769db528e070342d826,mf-e74e30addb9f4dfcd1d9,no_match,,original_raw
case-7769db528e070342d826,mf-01a355e579cd8bfe5fdb,no_match,,original_raw
case-7769db528e070342d826,mf-de5ac4e12266821e0fde,no_match,,original_raw
case-7c75f021c35395eadfeb,mf-8834ee74b07773fb6d6c,no_reference,,original_raw
case-7c75f021c35395eadfeb,mf-17ce49705ee5d32e8b59,no_reference,,original_raw
case-7c75f021c35395eadfeb,mf-95fbc4ad5338f9588f62,no_reference,,original_raw
case-7c75f021c35395eadfeb,mf-868d9c1b7c5e2dabe8f7,no_reference,,original_raw
case-876b04abf7d9fca64331,mf-ad60503aa74ae62ecd65,no_reference,,original_raw
case-876b04abf7d9fca64331,mf-9b97c39c375cc9549d2f,no_reference,,original_raw
case-876b04abf7d9fca64331,mf-ce4af98e1019d0cc1ca3,no_reference,,original_raw
case-876b04abf7d9fca64331,mf-b2836533cb96aed384f3,no_reference,,original_raw
case-876b04abf7d9fca64331,mf-73b1d3844fae37d1e8b6,no_reference,,original_raw
case-890543742b2667251625,mf-806043ae73fe69b3c4dd,no_reference,,original_raw
case-890543742b2667251625,mf-7ef873c9c5b5d07ffcbb,no_reference,,original_raw
case-890543742b2667251625,mf-c3ed11ffbdc64c08bb75,no_reference,,original_raw
case-890543742b2667251625,mf-d6828dd31a57367b768b,no_reference,,original_raw
case-890543742b2667251625,mf-c9b0ef5723a8bc9faf9f,no_reference,,original_raw
case-8e3569ec12253aacd7c7,mf-9ddb3fa49e20f9767fc3,no_reference,,original_raw
case-8e3569ec12253aacd7c7,mf-2ab69a24921bd576a388,no_reference,,original_raw
case-8e3569ec12253aacd7c7,mf-e8fe413e5d4fa61827d7,no_reference,,original_raw
case-8e3569ec12253aacd7c7,mf-424e9c1559a64bbee3b5,no_reference,,original_raw
case-8e3569ec12253aacd7c7,mf-818a05abbb98ba139ae2,no_reference,,original_raw
case-8e3569ec12253aacd7c7,mf-0a983e3ac7205a902bda,no_reference,,original_raw
case-8e3569ec12253aacd7c7,mf-c4c57c7d25d84a4ae814,no_reference,,original_raw
case-906c229655ff5b2d845d,mf-0e43fdd27856994e5e10,no_reference,,original_raw
case-906c229655ff5b2d845d,mf-22ad0db4dcc41575c508,no_reference,,original_raw
case-906c229655ff5b2d845d,mf-6b3f2598548ecc49e7e7,no_reference,,original_raw
case-942f9d868ba8d76f17e5,mf-8f965c08be3fa9bded51,no_reference,,original_raw
case-942f9d868ba8d76f17e5,mf-d379db7ed361eb301fb5,no_reference,,original_raw
case-942f9d868ba8d76f17e5,mf-e37e775b510eaa40e7b4,no_reference,,original_raw
case-942f9d868ba8d76f17e5,mf-4d4a7f444e509c5baffa,no_reference,,original_raw
case-942f9d868ba8d76f17e5,mf-16e4a09c6e5ce1dae353,no_reference,,original_raw
case-a907ff7b7b82863f67ef,mf-51ea10c351a6026f14b9,no_reference,,original_raw
case-a907ff7b7b82863f67ef,mf-80b4497578e61e2d55d0,no_reference,,original_raw
case-a907ff7b7b82863f67ef,mf-65496d34471f52134e3e,no_reference,,original_raw
case-a907ff7b7b82863f67ef,mf-47cfc238b19d63249108,no_reference,,original_raw
case-ab37a0754d9da12ed40c,mf-a992c5c34ea510f36733,no_reference,,original_raw
case-ab37a0754d9da12ed40c,mf-f1bbbe71cbf1d4610503,no_reference,,original_raw
case-ab37a0754d9da12ed40c,mf-60b6b5b1aa4d1e201017,no_reference,,original_raw
case-af796cba9349058a9934,mf-7b86d2c3eae75028743a,no_reference,,original_raw
case-bc28a1aba4094e693c43,mf-f82338bb64d53a559629,no_reference,,original_raw
case-bc28a1aba4094e693c43,mf-8fe0d1d8934b37ab2f68,no_reference,,original_raw
case-bc28a1aba4094e693c43,mf-a41d7f394b5e27626406,no_reference,,original_raw
case-bc28a1aba4094e693c43,mf-59d4a9b77a179e0184c5,no_reference,,original_raw
case-bc28a1aba4094e693c43,mf-3ac1fcf7d2c0433dab4d,no_reference,,original_raw
case-bc28a1aba4094e693c43,mf-50c7fd3f1a8500ad4dae,no_reference,,original_raw
case-cac1c1d447083f202a85,mf-54dcd9552943d1576300,no_reference,,original_raw
case-cac1c1d447083f202a85,mf-b01e50f7e255c5531db1,no_reference,,original_raw
case-cac1c1d447083f202a85,mf-e474fd4f7490959e5b57,no_reference,,original_raw
case-cb2aa3ca3fcfec607cfe,mf-2ce57fafebe10a783b82,no_reference,,original_raw
case-cb2aa3ca3fcfec607cfe,mf-4f63699456dbffda8ef4,no_reference,,original_raw
case-d16aaf7c33621dbb5444,mf-d32a96c46c45d9238288,no_reference,,original_raw
case-d16aaf7c33621dbb5444,mf-b0dde1d78e70e6eec59e,no_reference,,original_raw
case-d16aaf7c33621dbb5444,mf-1bfbb3d559bf2973b4e0,no_reference,,original_raw
case-d16aaf7c33621dbb5444,mf-2a7ea8cc33f857fbfb7a,no_reference,,original_raw
case-d16aaf7c33621dbb5444,mf-030db5fd84eff48d088b,no_reference,,original_raw
case-d837fc6cbd4f56478413,mf-0b982c433b1d034f2699,no_reference,,original_raw
case-d837fc6cbd4f56478413,mf-3ca8be4230a3a939b01e,no_reference,,original_raw
case-e4c28aef9d898cad9641,mf-95fb2000e4e665c10c8c,no_reference,,original_raw
case-e4c28aef9d898cad9641,mf-4958143d90c048fdaf0a,no_reference,,original_raw
case-e4c28aef9d898cad9641,mf-bb6a6176907acb483163,no_reference,,original_raw
case-e4c28aef9d898cad9641,mf-cb533faa4798030b2c9d,no_reference,,original_raw
case-e4c28aef9d898cad9641,mf-05c20e048bf3dd0e69af,no_reference,,original_raw
case-e4c28aef9d898cad9641,mf-a7846d3118cbe3c60bd2,no_reference,,original_raw
case-e4c28aef9d898cad9641,mf-7dedf5ebbbebe2a8e902,no_reference,,original_raw
case-e4c28aef9d898cad9641,mf-1e12ee1f4f7b479422fa,no_reference,,original_raw
case-e4c28aef9d898cad9641,mf-f7c2d63193f460aebff1,no_reference,,original_raw
case-e95b663ee8e1e5965537,mf-eedc9c979d8692939ee7,no_reference,,original_raw
case-e95b663ee8e1e5965537,mf-428cb248483c048b4bfb,no_reference,,original_raw
case-e95b663ee8e1e5965537,mf-479d3c66f4a85ee42434,no_reference,,original_raw
case-e9af381d5691c745b01d,mf-cc4c0a049d76e337870a,no_reference,,original_raw
case-e9af381d5691c745b01d,mf-94d9804459d6ecc5c5d4,no_reference,,original_raw
case-e9af381d5691c745b01d,mf-421f00776fdb3cbe6176,no_reference,,original_raw
case-f465152400330d659f37,mf-c124511734fce6a6c79b,no_reference,,original_raw
case-f465152400330d659f37,mf-c97014de681e66f6b6a7,no_reference,,original_raw
case-f912cdc0fdea1d02105f,mf-3ac45ae756dbc64cea15,no_reference,,original_raw
case-f912cdc0fdea1d02105f,mf-94dcebfbffb13be00f56,no_reference,,original_raw
case-f912cdc0fdea1d02105f,mf-17aaa52f25890fb4deb5,no_reference,,original_raw
case-f912cdc0fdea1d02105f,mf-3d06a8e42e775e14e6c4,no_reference,,original_raw
case-03011033f32e831010a4,mf-04c9241558683503a9d6,related_distinct,,original_raw
case-03011033f32e831010a4,mf-6dd88b5a9d9a2abcd18c,related_distinct,,original_raw
case-03011033f32e831010a4,mf-0ecf3c12b813740dbe6c,related_distinct,,original_raw
case-03011033f32e831010a4,mf-7eb43ab2e0443a9af989,related_distinct,,original_raw
case-03011033f32e831010a4,mf-0b1b505010beaba15695,related_distinct,,original_raw
case-03011033f32e831010a4,mf-daf38dce9b0cbf80a690,related_distinct,,original_raw
case-03011033f32e831010a4,mf-d02b4fdd7dfc91250e55,related_distinct,,original_raw
case-03011033f32e831010a4,mf-352db219fba16b665398,related_distinct,,original_raw
case-067e25b2ef2c5883ce5c,mf-ba5b08a38e109f824e5e,related_distinct,,original_raw
case-067e25b2ef2c5883ce5c,mf-908d9535241802fe0ae0,no_match,,original_raw
case-067e25b2ef2c5883ce5c,mf-6ee093281186a3645edd,no_match,,original_raw
case-067e25b2ef2c5883ce5c,mf-cffede46ddfe7fdba50b,no_match,,original_raw
case-067e25b2ef2c5883ce5c,mf-e5d1403547dc4581fac8,no_match,,original_raw
case-07ba9e3f89cf9b52baf7,mf-3ea19a4773bde7973d00,no_match,,original_raw
case-07ba9e3f89cf9b52baf7,mf-f58074bc3c0827d4f0ff,related_distinct,,original_raw
case-080160e7e517f3fd623e,mf-84c0de497ad269482bb1,no_match,,original_raw
case-080160e7e517f3fd623e,mf-483ef8ee6bc411a6629c,no_match,,original_raw
case-080160e7e517f3fd623e,mf-9c99d13f90a1150453c9,no_match,,original_raw
case-080160e7e517f3fd623e,mf-11f9ed80b5c5956fae2c,no_match,,original_raw
case-080160e7e517f3fd623e,mf-7b6b5483aad06ebbe223,no_match,,original_raw
case-080160e7e517f3fd623e,mf-e5d2422ef90373ea9135,no_match,,original_raw
case-080160e7e517f3fd623e,mf-a8f662270f1884b86189,no_match,,original_raw
case-0b7eb64a0d18ecc8baa1,mf-421be680d930153ad3c0,related_distinct,,original_raw
case-0b7eb64a0d18ecc8baa1,mf-47f3c589752eb3005ab5,no_match,,original_raw
case-0b7eb64a0d18ecc8baa1,mf-f8641900052e0c1aff6f,related_distinct,,original_raw
case-0dae88f83e73408565ec,mf-4f22102aa27ec5201fa9,no_match,,original_raw
case-0dae88f83e73408565ec,mf-21d4ab1c830d2fa26871,related_distinct,,original_raw
case-0dae88f83e73408565ec,mf-c5570dda1d5e03ec19cb,no_match,,original_raw
case-0dae88f83e73408565ec,mf-d6722b19f81a982f2986,no_match,,original_raw
case-0dae88f83e73408565ec,mf-43743f3e5252cd1b0613,no_match,,original_raw
case-0dae88f83e73408565ec,mf-c3c8abcdd1f4b92e913c,related_distinct,,original_raw
case-0dae88f83e73408565ec,mf-ff972ce8a98ad0a24e0f,no_match,,original_raw
case-0dae88f83e73408565ec,mf-b2dbbc289b95e8442ca9,no_match,,original_raw
case-0dae88f83e73408565ec,mf-9d778a1a83577ec85287,related_distinct,,original_raw
case-0dae88f83e73408565ec,mf-e9bac22440465113a35a,related_distinct,,original_raw
case-0eb420b020d66fb3faa1,mf-85d2981fc84a1e524ab9,same_issue,sf-2c733e4a3cb6f3cfffdb,original_raw
case-0eb420b020d66fb3faa1,mf-9b342b283b237bd86087,no_match,,original_raw
case-0eb420b020d66fb3faa1,mf-45bddb953c4c4f8ecf9e,no_match,,original_raw
case-14a8d97497657e19a2a9,mf-1584bc29182327047e25,related_distinct,,original_raw
case-14a8d97497657e19a2a9,mf-759134fc4a45bd54da11,no_match,,original_raw
case-14a8d97497657e19a2a9,mf-002c45b89e03ae42a5e5,no_match,,original_raw
case-14a8d97497657e19a2a9,mf-e003c0e0b7ea76d693db,no_match,,original_raw
case-14a8d97497657e19a2a9,mf-bef4d058fb04982516ae,same_issue,sf-5a09e1a2d28efe386a3d,original_raw
case-14a8d97497657e19a2a9,mf-458ef4d7b219eb87de09,related_distinct,,original_raw
case-14a8d97497657e19a2a9,mf-20743a909b0aead2fdda,same_issue,sf-5bb7ae43a0f3de4f0bf1,original_raw
case-14a8d97497657e19a2a9,mf-848ccbd52eba84289d44,same_issue,sf-4115a5324be6b1af3373,original_raw
case-14a8d97497657e19a2a9,mf-0a7299df8d10cd259ec9,same_issue,sf-3718e1b6ba25d3c965a4,original_raw
case-15fca550df7f9ba029d9,mf-7adaea530994e3f42ca5,no_match,,original_raw
case-162c30563cd0fe89d803,mf-e8db48f2af5ead4d6a88,no_match,,original_raw
case-162c30563cd0fe89d803,mf-fbe7f4d6aa8f1263b106,related_distinct,,original_raw
case-1aaea7ba84a2f17638de,mf-32faa127c21ee46b8576,no_match,,original_raw
case-1aaea7ba84a2f17638de,mf-c64c255f6d32b442cf9e,no_match,,original_raw
case-1aaea7ba84a2f17638de,mf-225b92a408748a3354be,no_match,,original_raw
case-1aaea7ba84a2f17638de,mf-f42c575a62d38aeb8144,related_distinct,,original_raw
case-1aaea7ba84a2f17638de,mf-6d23b560bffd109c41bb,no_match,,original_raw
case-232a78570fb9941423b0,mf-e200c346c7b807021d2b,same_issue,sf-99d33280d90d77022b8f,original_raw
case-232a78570fb9941423b0,mf-6e3da8ea4296d9fbde09,no_match,,original_raw
case-232a78570fb9941423b0,mf-53f571875b8fdf013688,no_match,,original_raw
case-232a78570fb9941423b0,mf-af1095b097280de30b98,no_match,,original_raw
case-232a78570fb9941423b0,mf-54a9048da5d6ede7e4f0,same_issue,sf-06dad8760318bfbe188c,original_raw
case-232a78570fb9941423b0,mf-a1829cb8275af9d94aed,related_distinct,,original_raw
case-232a78570fb9941423b0,mf-b3189321367563375784,related_distinct,,original_raw
case-232a78570fb9941423b0,mf-7aab980e1a48df578bed,no_match,,original_raw
case-232a78570fb9941423b0,mf-24c237b1d74e3967c0ca,no_match,,original_raw
case-244800b3cbf68e43bdd2,mf-f3441526862df288a2ec,related_distinct,,original_raw
case-244800b3cbf68e43bdd2,mf-bbecd28bb0ab339ce42e,no_match,,original_raw
case-244800b3cbf68e43bdd2,mf-65d679f6791681c8e6d3,no_match,,original_raw
case-244800b3cbf68e43bdd2,mf-d203a5cd8555d2dfca68,no_match,,original_raw
case-244866c4d24233d35c00,mf-e2ca3438984357511f85,no_match,,original_raw
case-244866c4d24233d35c00,mf-be6cb07e7523d0eabc5e,no_match,,original_raw
case-244866c4d24233d35c00,mf-2a0c5319572942ff71a8,no_match,,original_raw
case-244866c4d24233d35c00,mf-0b76ab78ce7b416fec04,no_match,,original_raw
case-244866c4d24233d35c00,mf-dd579c832f0c9e80f3d2,no_match,,original_raw
case-2480a35206f87bbbe5d3,mf-d53390406f684581eee3,related_distinct,,original_raw
case-251cb80f6be4da1148b5,mf-9bf7b1b61ecbe8ec3526,no_match,,original_raw
case-251cb80f6be4da1148b5,mf-092fe9abe0094300bda7,no_match,,original_raw
case-251cb80f6be4da1148b5,mf-0dc550631651f5112e62,no_match,,original_raw
case-251cb80f6be4da1148b5,mf-28f49fef550f1ff744fe,no_match,,original_raw
case-251cb80f6be4da1148b5,mf-38822110cf36dea53a81,no_match,,original_raw
case-297b8514fd048d20c40e,mf-12c59df1e2dc57908e0f,no_match,,original_raw
case-297b8514fd048d20c40e,mf-b95ad39514ee73bd620f,same_issue,sf-d1115807d6e72d59553a,original_raw
case-297b8514fd048d20c40e,mf-d190254c30e37a054b0b,no_match,,original_raw
case-297b8514fd048d20c40e,mf-92d243906c6c2406b0c9,no_match,,original_raw
case-297b8514fd048d20c40e,mf-0605adbe3868c443f818,no_match,,original_raw
case-2d29c8266ee4ae3326fa,mf-ee7558d569faf7b8730c,related_distinct,,original_raw
case-2d29c8266ee4ae3326fa,mf-790979632e281052fd98,no_match,,original_raw
case-2d29c8266ee4ae3326fa,mf-069ae915857800fb7d56,related_distinct,,original_raw
case-2d93edefa9bf78e1efb4,mf-baa7ab4723e2bf317723,no_match,,original_raw
case-2d93edefa9bf78e1efb4,mf-f171342f0e8e0c95fc20,no_match,,original_raw
case-2d93edefa9bf78e1efb4,mf-65c060400023c6b17038,no_match,,original_raw
case-2d93edefa9bf78e1efb4,mf-fdc96b066a9023e408ef,no_match,,original_raw
case-2d93edefa9bf78e1efb4,mf-97aea8ef0b2f12177151,related_distinct,,original_raw
case-2f0bf603687d1eee9d5c,mf-c34117da37c451c9edaa,no_match,,original_raw
case-2f0bf603687d1eee9d5c,mf-d2ab2e3e4f54ef70ad77,no_match,,original_raw
case-2f0bf603687d1eee9d5c,mf-21753054a7b1debbd94d,no_match,,original_raw
case-2f0bf603687d1eee9d5c,mf-8079437fb98c15834c7b,no_match,,original_raw
case-2f0bf603687d1eee9d5c,mf-049aefde522deb214fa5,no_match,,original_raw
case-31359bc417febbc38cfc,mf-40598673adf56e3f376b,no_match,,original_raw
case-31359bc417febbc38cfc,mf-8af7d3a0e5bbb385db55,no_match,,original_raw
case-31359bc417febbc38cfc,mf-405ed915ba99a8903464,no_match,,original_raw
case-315d6ae6a9b8cfaf69af,mf-2dfdcd58da3741126d7e,no_match,,original_raw
case-315d6ae6a9b8cfaf69af,mf-429351e2c9471c144603,no_match,,original_raw
case-315d6ae6a9b8cfaf69af,mf-d274fd50ca5fa1c69337,no_match,,original_raw
case-315d6ae6a9b8cfaf69af,mf-54149849285b7d6f7854,related_distinct,,original_raw
case-315d6ae6a9b8cfaf69af,mf-0217923431cd129563c5,related_distinct,,original_raw
case-315d6ae6a9b8cfaf69af,mf-4ce3a87d1affe05bac75,same_issue,sf-670658b6035afcb2b7f1,original_raw
case-36ffe6b241bac7e92bef,mf-a9fbc368dfcc1c57fceb,no_match,,original_raw
case-37aad921cd746c69ff61,mf-ea5a0598f7507b6d1bd2,no_match,,original_raw
case-37aad921cd746c69ff61,mf-c608d1ae996fc5125dd3,no_match,,original_raw
case-37aad921cd746c69ff61,mf-0747eb5279913add22c6,no_match,,original_raw
case-37aad921cd746c69ff61,mf-54c14eef8773cab6043a,no_match,,original_raw
case-3a0f70a817d7306d446f,mf-04ce9e2d2e419b78d709,related_distinct,,original_raw
case-3a0f70a817d7306d446f,mf-e7fea018c5e755d093c0,no_match,,original_raw
case-3a0f70a817d7306d446f,mf-ed4bb5620eaab50f8128,no_match,,original_raw
case-3b5889bf8c2dda15fe1f,mf-6f293a252dd9597a03d2,no_match,,original_raw
case-3b5889bf8c2dda15fe1f,mf-2b89f99c16be501884dd,no_match,,original_raw
case-3b5889bf8c2dda15fe1f,mf-9c874f6161a35cbd6201,no_match,,original_raw
case-3b5889bf8c2dda15fe1f,mf-d846b8ce12a430e777ee,no_match,,original_raw
case-3b5889bf8c2dda15fe1f,mf-688817759420cda854ab,no_match,,original_raw
case-42cb40725b6715e6b56e,mf-f76ab379582a5b38426f,same_issue,sf-a51e3a1fab37f5d26d1e,original_raw
case-42cb40725b6715e6b56e,mf-19f8cec751191666f8b0,related_distinct,,original_raw
case-42cb40725b6715e6b56e,mf-9a6fd6bd4da8e67291c3,related_distinct,,original_raw
case-42cb40725b6715e6b56e,mf-03493138acbd7201fe49,related_distinct,,original_raw
case-42cb40725b6715e6b56e,mf-d4dbb27d8bf714f6b9dd,no_match,,original_raw
case-42cb40725b6715e6b56e,mf-9576a7c55cdc3a884b12,no_match,,original_raw
case-4305c02b5fa838228719,mf-552896033c91c50a58d4,related_distinct,,original_raw
case-4305c02b5fa838228719,mf-a6dcddc4fbcb67dc2c0e,no_match,,original_raw
case-4305c02b5fa838228719,mf-99c734b4cba70372a3bd,same_issue,sf-db0ad4255383099c1685,original_raw
case-4305c02b5fa838228719,mf-647412377623b1f5e9f2,related_distinct,,original_raw
case-4305c02b5fa838228719,mf-1693294a764ffb38e526,related_distinct,,original_raw
case-4305c02b5fa838228719,mf-84f1ddb348a539a5a56f,no_match,,original_raw
case-4305c02b5fa838228719,mf-49537ee0651348ecdcb1,no_match,,original_raw
case-4305c02b5fa838228719,mf-0f310d689f69619f4dd4,no_match,,original_raw
case-4305c02b5fa838228719,mf-2611be738d52d45f6f1b,same_issue,sf-f8233e6508e59ad656b7,original_raw
case-45ecc9b9b423e37da22e,mf-a9cb5a58c0f51c24a928,related_distinct,,original_raw
case-45ecc9b9b423e37da22e,mf-22f74f8f0c84638055d2,related_distinct,,original_raw
case-45ecc9b9b423e37da22e,mf-fb6eac006fcc7d7290b5,no_match,,original_raw
case-45ecc9b9b423e37da22e,mf-20c7c147fd4209d83f15,related_distinct,,original_raw
case-4a764f3847aeba71b091,mf-a1600d11992286e37002,related_distinct,,original_raw
case-4a764f3847aeba71b091,mf-16eb74fd4d335e2ae3aa,related_distinct,,original_raw
case-4d8ff19fb340c20d7a49,mf-a2495632cde5879faf08,no_match,,original_raw
case-4d8ff19fb340c20d7a49,mf-eae775697827afef7c69,no_match,,original_raw
case-4d8ff19fb340c20d7a49,mf-e96883a48bc70de9d0ef,related_distinct,,original_raw
case-58d2a55832abcd11e69d,mf-0fc2be736c1349593b26,no_match,,original_raw
case-58d2a55832abcd11e69d,mf-978427103ece67b75469,same_issue,sf-baf43c533bc7dca99a82,original_raw
case-58d2a55832abcd11e69d,mf-5bc9455528cad51b8670,no_match,,original_raw
case-5bc4ea80f1c42b093e67,mf-1c22ca3a62944a8b13dc,same_issue,sf-cb35e23bf36e4b979a2e|sf-604eb391bf6dcbca5586,original_raw
case-5bc4ea80f1c42b093e67,mf-de0a47743edfbae81b3c,related_distinct,,original_raw
case-5bc4ea80f1c42b093e67,mf-78a5558f822b175f3d21,no_match,,original_raw
case-5bc4ea80f1c42b093e67,mf-3325e5f71e1bb0cca3b0,no_match,,original_raw
case-5f4c438794b17fe2dd2c,mf-635a8fa8dd95b82f2dc3,same_issue,sf-0b38ef893d2c500061ee,original_raw
case-5f4c438794b17fe2dd2c,mf-700f5e0e90116b503a30,no_match,,original_raw
case-5f4c438794b17fe2dd2c,mf-dcd04294e7df0c6fb774,no_match,,original_raw
case-63f02cda0a1f10073dfa,mf-e2dd7f12367d0eb0f5fd,no_match,,original_raw
case-63f02cda0a1f10073dfa,mf-60451dcd106846ca5810,no_match,,original_raw
case-63f02cda0a1f10073dfa,mf-fd4713590673c43f864f,no_match,,original_raw
case-63f02cda0a1f10073dfa,mf-4c5f8cc03a17a7b845ac,no_match,,original_raw
case-63f02cda0a1f10073dfa,mf-5076c74e3223d5bcf3f2,no_match,,original_raw
case-697674ac2a65b8707ff3,mf-f15e99944ac7d75de146,related_distinct,,original_raw
case-697674ac2a65b8707ff3,mf-57aac85f586c50bcd59a,no_match,,original_raw
case-697674ac2a65b8707ff3,mf-d973a365d7d05b398f67,related_distinct,,original_raw
case-697674ac2a65b8707ff3,mf-c2c65ccae8b170b015d5,no_match,,original_raw
case-697674ac2a65b8707ff3,mf-d369a62dac828ab3b673,no_match,,original_raw
case-697674ac2a65b8707ff3,mf-5816ad7079803c567b93,related_distinct,,original_raw
case-6bf52025747941db38d4,mf-f5cc5858f872be366b8e,no_match,,original_raw
case-6bf52025747941db38d4,mf-8a61b43f4edd538c377d,related_distinct,,original_raw
case-6bf52025747941db38d4,mf-c7527305bf43a7131335,related_distinct,,original_raw
case-6bf52025747941db38d4,mf-b60f4c49ae57fe25d1f0,no_match,,original_raw
case-6bf52025747941db38d4,mf-f566900eadb98d2612df,no_match,,original_raw
case-6bf52025747941db38d4,mf-362c2375bc0f47b3e925,no_match,,original_raw
case-76a0ff6983e0ca3793b2,mf-86d1493c792523b86f6a,no_match,,original_raw
case-76a0ff6983e0ca3793b2,mf-1a39fd8178921a6cb9bf,related_distinct,,original_raw
case-79e114ffc3cc4f095ea9,mf-1bc5db39e4340e1ecb5c,no_match,,original_raw
case-79e114ffc3cc4f095ea9,mf-33882f35fc566696a9be,no_match,,original_raw
case-79e114ffc3cc4f095ea9,mf-7cb67d71cda9dea64fa4,no_match,,original_raw
case-7c3045f6e85b3f5f1b49,mf-a79abce0f18236d9ee7d,no_match,,original_raw
case-7c3045f6e85b3f5f1b49,mf-1ba868eb6fd84d8f4a5f,no_match,,original_raw
case-7c3045f6e85b3f5f1b49,mf-486f933a8c2c6e83fd1c,no_match,,original_raw
case-7c3045f6e85b3f5f1b49,mf-af3f9fc19aa9dda6784c,no_match,,original_raw
case-7c3045f6e85b3f5f1b49,mf-c9f17771bb51dd4f436b,same_issue,sf-90bfb3eacb71ecf24609,original_raw
case-7cf6b8b222a8054d4a1c,mf-15da7f709fb7908a527b,no_match,,original_raw
case-7cf6b8b222a8054d4a1c,mf-0062c6b8964071b991aa,related_distinct,,original_raw
case-7cf6b8b222a8054d4a1c,mf-bd07a33a7889db2eab31,related_distinct,,original_raw
case-7cf6b8b222a8054d4a1c,mf-5e38f0ba981b8b016134,related_distinct,,original_raw
case-7cf6b8b222a8054d4a1c,mf-7ac21c15681a41240f2f,no_match,,original_raw
case-7d141ea370270a99cd74,mf-cebdd6427cc3301ad641,related_distinct,,original_raw
case-7d141ea370270a99cd74,mf-067ae68bed41b516bb41,related_distinct,,original_raw
case-7d141ea370270a99cd74,mf-c5144267e18d3c989e0d,no_match,,original_raw
case-7d141ea370270a99cd74,mf-9fee80ce80403f935798,related_distinct,,original_raw
case-83f2a806231ce243a56f,mf-3326a96cb3ecb10e0aa0,no_match,,original_raw
case-83f2a806231ce243a56f,mf-a553de59c7908142e51e,no_match,,original_raw
case-83f2a806231ce243a56f,mf-5f3d72cdea770697ae51,no_match,,original_raw
case-83f2a806231ce243a56f,mf-15148e13a8eb2c7f65b7,related_distinct,,original_raw
case-83f2a806231ce243a56f,mf-33eb50ee9a61533687ee,no_match,,original_raw
case-83f2a806231ce243a56f,mf-09c9e7fe424d79ef3c49,no_match,,original_raw
case-83f2a806231ce243a56f,mf-3f652f11a3ad75b57265,no_match,,original_raw
case-83f2a806231ce243a56f,mf-37ba5543b102cdd07e1d,no_match,,original_raw
case-88ffb0e14443460c1357,mf-64844f1df2e4496e96cc,no_match,,original_raw
case-88ffb0e14443460c1357,mf-696bd6fe4c0045110405,no_match,,original_raw
case-88ffb0e14443460c1357,mf-7ff5503d5cc54367ffaa,no_match,,original_raw
case-88ffb0e14443460c1357,mf-4bac31e656f0a3c4b002,no_match,,original_raw
case-88ffb0e14443460c1357,mf-74a2ead661289c89786f,no_match,,original_raw
case-88ffb0e14443460c1357,mf-7ae87a3b0abfc2f83fb4,no_match,,original_raw
case-88ffb0e14443460c1357,mf-b96d2a56f6c15f88d833,related_distinct,,original_raw
case-88ffb0e14443460c1357,mf-2225f45569cd5edfb74d,related_distinct,,original_raw
case-88ffb0e14443460c1357,mf-d2e1cefb0067940b21c1,related_distinct,,original_raw
case-88ffb0e14443460c1357,mf-5e5c461babc2601ed365,no_match,,original_raw
case-88ffb0e14443460c1357,mf-1eca72368f9ccff9e4cc,no_match,,original_raw
case-88ffb0e14443460c1357,mf-79db3380db8bf0e7d47c,no_match,,original_raw
case-88ffb0e14443460c1357,mf-f1fbb5e9909994b8daff,no_match,,original_raw
case-88ffb0e14443460c1357,mf-de4ec7e316421cdcb8a0,no_match,,original_raw
case-88ffb0e14443460c1357,mf-b30324d46bab4679a299,no_match,,original_raw
case-8c23b92c89e208d5060f,mf-831477ae267362caf7a9,related_distinct,,original_raw
case-8c23b92c89e208d5060f,mf-21b347e03332fd715b40,no_match,,original_raw
case-8ed0c47b940923bc72d2,mf-4524e2b2719d9c2a10c9,no_match,,original_raw
case-8ed0c47b940923bc72d2,mf-850e5af82ac5dbc7a1de,no_match,,original_raw
case-8ed0c47b940923bc72d2,mf-aa26695be72605877670,no_match,,original_raw
case-8ed0c47b940923bc72d2,mf-65210896f885100489cd,no_match,,original_raw
case-8ed0c47b940923bc72d2,mf-08fec9d05ecf0e3d2d59,no_match,,original_raw
case-8ed0c47b940923bc72d2,mf-ef772fcf55183045162e,no_match,,original_raw
case-8ed0c47b940923bc72d2,mf-cd9fa25cbd53e74f778e,no_match,,original_raw
case-8ed0c47b940923bc72d2,mf-61f5d2a5d0a58d1ee061,no_match,,original_raw
case-8ed0c47b940923bc72d2,mf-9d5d440716ba4d2b9d32,no_match,,original_raw
case-8ed0c47b940923bc72d2,mf-320645582e794f8085d0,no_match,,original_raw
case-8ed0c47b940923bc72d2,mf-4f7ccd05ecd30b178908,no_match,,original_raw
case-8ed0c47b940923bc72d2,mf-5b3b0b529fee1c5fcf5e,related_distinct,,original_raw
case-8ed0c47b940923bc72d2,mf-eeb42993b5a48ae84ada,no_match,,original_raw
case-8ed0c47b940923bc72d2,mf-cdacaba4317c6157a0b5,no_match,,original_raw
case-8ed0c47b940923bc72d2,mf-e99a013df430cef8d6cf,no_match,,original_raw
case-8f13a23ad6dd97124ee6,mf-a2e8924c8bcaf90a52c4,related_distinct,,original_raw
case-8f13a23ad6dd97124ee6,mf-e56def5baa41838fd3ed,related_distinct,,original_raw
case-8f13a23ad6dd97124ee6,mf-7f4d338ddd2877d44d6d,no_match,,original_raw
case-8f13a23ad6dd97124ee6,mf-0430bb6216e9b10af7f2,no_match,,original_raw
case-8f13a23ad6dd97124ee6,mf-7138a9d88a5ac00e9708,no_match,,original_raw
case-8f13a23ad6dd97124ee6,mf-1b886dde4ef37e01bd11,related_distinct,,original_raw
case-8f13a23ad6dd97124ee6,mf-812bafc2a9addcf2e08d,no_match,,original_raw
case-92bf2b6fee0cab272d63,mf-1f497b6902878db4e8ef,related_distinct,,original_raw
case-92bf2b6fee0cab272d63,mf-e9213729ab8f05a716a0,related_distinct,,original_raw
case-92bf2b6fee0cab272d63,mf-4810031f7ec6f3885e07,related_distinct,,original_raw
case-92bf2b6fee0cab272d63,mf-73fdbfa6bb5a61d9e0a6,related_distinct,,original_raw
case-92bf2b6fee0cab272d63,mf-e1c5d2a244d8bd4d1f88,related_distinct,,original_raw
case-92bf2b6fee0cab272d63,mf-add5c5be8f1ffeae502c,related_distinct,,original_raw
case-945185d91e4e23d356a8,mf-b2c38038d079e5196eb0,no_match,,original_raw
case-945185d91e4e23d356a8,mf-f748396ff5cc4f389f70,no_match,,original_raw
case-945185d91e4e23d356a8,mf-b193b84c4dfcb32ce635,no_match,,original_raw
case-945185d91e4e23d356a8,mf-40a26d33c3737278ed4a,no_match,,original_raw
case-945185d91e4e23d356a8,mf-05ec75ad5345b6fc7887,no_match,,original_raw
case-945185d91e4e23d356a8,mf-2c73adb157d0b95f15e9,no_match,,original_raw
case-9a3caf429ad89e36d4f9,mf-71a68737fb31b24423f7,related_distinct,,original_raw
case-9a3caf429ad89e36d4f9,mf-94ba281cd3d800a3e94e,related_distinct,,original_raw
case-9a3caf429ad89e36d4f9,mf-336f6f1529aac3a29f28,related_distinct,,original_raw
case-9a3caf429ad89e36d4f9,mf-d89ae357727b60bc7bc1,related_distinct,,original_raw
case-9a3caf429ad89e36d4f9,mf-74a2185554d0a8bb5164,no_match,,original_raw
case-9a3caf429ad89e36d4f9,mf-2335a349ff7ebd8282d2,no_match,,original_raw
case-9d55cc1091c28ad2789b,mf-38a1079ab42c3cb46a19,related_distinct,,original_raw
case-9d55cc1091c28ad2789b,mf-03475a566f139e77b170,no_match,,original_raw
case-9d55cc1091c28ad2789b,mf-6630e14170ac1afe4afb,no_match,,original_raw
case-9ecda84deae5c45643ca,mf-29aa660d4483c948a468,no_match,,original_raw
case-9ecda84deae5c45643ca,mf-ccadc6455a7dbe3c4f5a,related_distinct,,original_raw
case-9ecda84deae5c45643ca,mf-0da7da7c1b8ea28bacc5,no_match,,original_raw
case-9ecda84deae5c45643ca,mf-90b6f4f6d8ae5fb0d2c1,no_match,,original_raw
case-9ecda84deae5c45643ca,mf-2545c9e3a4af622c5aa8,no_match,,original_raw
case-9ecda84deae5c45643ca,mf-84708a447db577378b3c,no_match,,original_raw
case-9ecda84deae5c45643ca,mf-d2755b58a4f482821e9a,same_issue,sf-e1086cd1d7f07720b8f6,original_raw
case-9f4690cc7d4420be0c68,mf-45ed5424676439c2af64,same_issue,sf-2093911c47d6ba072532,original_raw
case-9f4690cc7d4420be0c68,mf-f53c31d862635d71767e,related_distinct,,original_raw
case-9f8fcb774f327764ac98,mf-6d1aeabf26770fb0908e,related_distinct,,original_raw
case-9f8fcb774f327764ac98,mf-d686255708eab358aa24,no_match,,original_raw
case-9f8fcb774f327764ac98,mf-2a1ef82d4f2090acd548,no_match,,original_raw
case-9f8fcb774f327764ac98,mf-3fc52211b7cc1c14c1a7,no_match,,original_raw
case-9f8fcb774f327764ac98,mf-81cd302339f5af197039,no_match,,original_raw
case-9f8fcb774f327764ac98,mf-f1e9b514b3eb01986c89,no_match,,original_raw
case-9f8fcb774f327764ac98,mf-131f11ca0d7dd33087ae,no_match,,original_raw
case-9f8fcb774f327764ac98,mf-28ad222924bb6032655f,no_match,,original_raw
case-9fc71d49b20c11c24094,mf-86e9ef9a46449938610f,related_distinct,,original_raw
case-9fc71d49b20c11c24094,mf-ea2143b43d6c648cd7d5,no_match,,original_raw
case-a312421c7f686d168d04,mf-84aaa0c70d433042f5d5,no_match,,original_raw
case-a312421c7f686d168d04,mf-07d8e1ee6e4065c79559,related_distinct,,original_raw
case-a312421c7f686d168d04,mf-97232908a780bcf2aa31,related_distinct,,original_raw
case-a312421c7f686d168d04,mf-c56876a04ec3dac33d57,related_distinct,,original_raw
case-a312421c7f686d168d04,mf-60f1d7ac2603107cd06e,related_distinct,,original_raw
case-aafc976b852cd121ef7e,mf-ea3d6176b08e0b158966,no_match,,original_raw
case-aafc976b852cd121ef7e,mf-d7fdc1bb492ba279c513,no_match,,original_raw
case-aafc976b852cd121ef7e,mf-707aabd9b57a16bb48c8,no_match,,original_raw
case-aafc976b852cd121ef7e,mf-7bdd8b686e3908da9bd6,no_match,,original_raw
case-aafc976b852cd121ef7e,mf-cfb58197d2ab6dc3d034,related_distinct,,original_raw
case-aafc976b852cd121ef7e,mf-143433eec9e8fef3f60d,no_match,,original_raw
case-aafc976b852cd121ef7e,mf-7801d14c6be671131956,no_match,,original_raw
case-aafc976b852cd121ef7e,mf-c2f73265655d6a40d040,no_match,,original_raw
case-b0fb6829dda02eb08ec0,mf-3a1e5145a172d3760fdc,no_match,,original_raw
case-b0fb6829dda02eb08ec0,mf-212835e9e3b1c8453b89,no_match,,original_raw
case-b0fb6829dda02eb08ec0,mf-15d72922ec2a3877b2e0,no_match,,original_raw
case-bd12d899319fd7a1cd2e,mf-5db3004ed6c126931e34,no_match,,original_raw
case-bd12d899319fd7a1cd2e,mf-fcb467f50ecea0bb0a8a,no_match,,original_raw
case-bd12d899319fd7a1cd2e,mf-4be826c53bdd16846712,no_match,,original_raw
case-bd5b217579b468056361,mf-a4375fa96141362ac526,no_match,,original_raw
case-bd5b217579b468056361,mf-0df25e44750471402ab3,no_match,,original_raw
case-bd5b217579b468056361,mf-9d3090cac65d206b6fcb,no_match,,original_raw
case-bd5b217579b468056361,mf-56be8a06d02102fa15e9,no_match,,original_raw
case-bd5b217579b468056361,mf-092eaf587012b3bfaa55,same_issue,sf-9bd12a3a7915c4b27d1d,original_raw
case-bd5b217579b468056361,mf-9f34871abcceb2ff2228,no_match,,original_raw
case-bd5b217579b468056361,mf-87f978dd638da8a0356c,no_match,,original_raw
case-bdc46ccfb585e0813fba,mf-3eed06114b19097d8f81,no_match,,original_raw
case-bdc46ccfb585e0813fba,mf-0a38965bf9c50bc54895,related_distinct,,original_raw
case-bdc46ccfb585e0813fba,mf-d7f7abc898dc93355f0d,no_match,,original_raw
case-bdc46ccfb585e0813fba,mf-596581936e7c507bf3ee,related_distinct,,original_raw
case-bdc46ccfb585e0813fba,mf-e00f626b4add2cdf554b,no_match,,original_raw
case-be4814e7e2c136ec014f,mf-5a95ebef3151533efd1a,no_match,,original_raw
case-be4814e7e2c136ec014f,mf-76b05e8f3cb26d92235f,no_match,,original_raw
case-be4814e7e2c136ec014f,mf-887ed8fd660dc33a68ab,no_match,,original_raw
case-be4814e7e2c136ec014f,mf-2a433dd97a431ddbd703,no_match,,original_raw
case-be4814e7e2c136ec014f,mf-1d7317540d2145d19b35,no_match,,original_raw
case-bf504bf40300ad6e13d5,mf-df92e079267ba44a31f0,no_match,,original_raw
case-bf504bf40300ad6e13d5,mf-bef1ddadeca1c2d6c267,no_match,,original_raw
case-bf504bf40300ad6e13d5,mf-8c0a97fcd0754f6483b7,related_distinct,,original_raw
case-c1c67da67371cc6f4e74,mf-5418f62a8e47ef4ed808,no_match,,original_raw
case-c1c67da67371cc6f4e74,mf-264574f2284c7d223bf1,related_distinct,,original_raw
case-c1c67da67371cc6f4e74,mf-4d26b8364d53ae6cf2a6,related_distinct,,original_raw
case-c1f71d6f3f82b8cb893c,mf-9b34ea1c95eb06159684,same_issue,sf-69416ecdc65b7d2e254f,original_raw
case-c1f71d6f3f82b8cb893c,mf-a55f18e96800aefe9ec3,no_match,,original_raw
case-c4848de88db37b12c136,mf-e31c0f771720a0bbfc75,no_match,,original_raw
case-c4848de88db37b12c136,mf-9a205bc4af9cf209e505,no_match,,original_raw
case-c4848de88db37b12c136,mf-c7ed00226aebee386cea,no_match,,original_raw
case-c4848de88db37b12c136,mf-186d9143625aa97f999f,no_match,,original_raw
case-c4848de88db37b12c136,mf-2dab483d5800b65289a3,no_match,,original_raw
case-c4848de88db37b12c136,mf-4b2f41fdb1b9ac571330,no_match,,original_raw
case-cdcb44d35c9fd57cf181,mf-bb952e0db1edf51f3ce8,no_match,,original_raw
case-cdcb44d35c9fd57cf181,mf-c9f3b1945a2b60103307,no_match,,original_raw
case-cdcb44d35c9fd57cf181,mf-d3a41440f14741d96eb2,no_match,,original_raw
case-cdcb44d35c9fd57cf181,mf-ddd8b29fac46cac2ce0c,no_match,,original_raw
case-cdcb44d35c9fd57cf181,mf-a43a628a606c18d0c92b,no_match,,original_raw
case-cdcb44d35c9fd57cf181,mf-491a3667c425d509e538,no_match,,original_raw
case-cdcb44d35c9fd57cf181,mf-8b82d7d112cae7dfbe12,no_match,,original_raw
case-cdcb44d35c9fd57cf181,mf-cebbd1c922485b5f3f60,no_match,,original_raw
case-d316f6c41322a9e21b99,mf-dbbc00174bc1de6c19a9,no_match,,original_raw
case-dd8a6cbe3c950793b3a1,mf-cef43247e30358f1d9d4,same_issue,sf-80a69a188f9920e6084e,original_raw
case-dd8a6cbe3c950793b3a1,mf-aaa0f9db8044d3e0a727,no_match,,original_raw
case-dd8a6cbe3c950793b3a1,mf-000c4a27071a30d5da59,related_distinct,,original_raw
case-dd8a6cbe3c950793b3a1,mf-5d615f5d6ec319a1bce0,related_distinct,,original_raw
case-dd8a6cbe3c950793b3a1,mf-38cf6c485080f4647746,no_match,,original_raw
case-dd8a6cbe3c950793b3a1,mf-890a7ef771f7530aa907,no_match,,original_raw
case-de715ff30c32d51c5df9,mf-7479285c606be50e461c,related_distinct,,original_raw
case-de715ff30c32d51c5df9,mf-5d9620da06d67955163e,no_match,,original_raw
case-de715ff30c32d51c5df9,mf-222da9e5612d4010d870,related_distinct,,original_raw
case-de715ff30c32d51c5df9,mf-d53cc2c549c0aea178a5,related_distinct,,original_raw
case-de715ff30c32d51c5df9,mf-dafb2406160a2de223e7,related_distinct,,original_raw
case-e05358259ffc4ca862c7,mf-ad1cd6a0e50d377ad617,no_match,,original_raw
case-e05358259ffc4ca862c7,mf-956eb14a4a5c48cb986b,no_match,,original_raw
case-e1149ac47af28879db97,mf-52a47e56c5686df377d4,related_distinct,,original_raw
case-e1149ac47af28879db97,mf-b92f8546fa1be585dde1,related_distinct,,original_raw
case-e1149ac47af28879db97,mf-bcf17348de6f5defc6c1,related_distinct,,original_raw
case-e17525ec35113f1fa642,mf-d8caefb409f9efcfcffe,no_match,,original_raw
case-e17525ec35113f1fa642,mf-9568c7498dcdf7969dc3,no_match,,original_raw
case-e17525ec35113f1fa642,mf-072b311361d10f9a9d10,no_match,,original_raw
case-e17525ec35113f1fa642,mf-4564130417ca6bb5a1ed,no_match,,original_raw
case-e17525ec35113f1fa642,mf-635403fd439a1c9c7144,no_match,,original_raw
case-e17525ec35113f1fa642,mf-ba25313abd1ae7ec632c,same_issue,sf-9707ddc44025d43b9420,original_raw
case-e17525ec35113f1fa642,mf-1a65b8d48a7a0017e1c5,no_match,,original_raw
case-e17525ec35113f1fa642,mf-c38fd549b9074a2c3ec6,no_match,,original_raw
case-e17525ec35113f1fa642,mf-fa4d319cea380e178815,related_distinct,,original_raw
case-e7abb649407ce2a06e66,mf-622a656f3bddf65c7440,no_match,,original_raw
case-e7abb649407ce2a06e66,mf-9a1aa3fd7a9fddbd10cf,related_distinct,,original_raw
case-e7abb649407ce2a06e66,mf-2e6078bb9b85b03916a5,no_match,,original_raw
case-e89c9074a262db9762f8,mf-bb6a3f0a23ca48b754ae,related_distinct,,original_raw
case-e89c9074a262db9762f8,mf-96b6c500864da9fdbd21,no_match,,original_raw
case-eb632a8157027d4e78d3,mf-897bdbf03255afd041b0,no_match,,original_raw
case-eb632a8157027d4e78d3,mf-b6339e87579d4379bf51,same_issue,sf-b49da04053e1e5d3cbb2,original_raw
case-eb632a8157027d4e78d3,mf-f03c32b68d4e07953f8d,same_issue,sf-66f43337977775ee9dbe|sf-d1d49c96d7e500dfccb1,original_raw
case-eb632a8157027d4e78d3,mf-8cc251c176acb5c9ccdc,no_match,,original_raw
case-eb632a8157027d4e78d3,mf-bd47f0a186492dce143f,no_match,,original_raw
case-ec595a9d4a209dd1c064,mf-7c2ab5711722b6e601de,no_match,,original_raw
case-ec595a9d4a209dd1c064,mf-81b315dd0b62a5dfacef,no_match,,original_raw
case-ec595a9d4a209dd1c064,mf-707e54aee390bcdac268,no_match,,original_raw
case-ec595a9d4a209dd1c064,mf-1371e0a4aae6b5393e26,related_distinct,,original_raw
case-ec595a9d4a209dd1c064,mf-af2abc2075bab3c4f9cd,related_distinct,,original_raw
case-ed9ae96c6bb9c789e7e4,mf-07406908a2ae0ef03f46,related_distinct,,original_raw
case-ed9ae96c6bb9c789e7e4,mf-5a95627e3134bc6cb036,related_distinct,,original_raw
case-f6e573c08f4abfb387e2,mf-43a7f20ac62f263b829a,related_distinct,,original_raw
case-f6e573c08f4abfb387e2,mf-118a10b38eb10d087991,no_match,,original_raw
case-f81566b1a6263aebc2fc,mf-8cc2305a4595efb7a81e,no_match,,original_raw
case-f81566b1a6263aebc2fc,mf-a39f8b2df762d0d5a9b5,no_match,,original_raw
case-f81566b1a6263aebc2fc,mf-f649089dd5bcec77b9cd,related_distinct,,original_raw
case-f81566b1a6263aebc2fc,mf-e8f9cdecec33f520bbab,related_distinct,,original_raw
case-f81566b1a6263aebc2fc,mf-2583b6801488bcd56e31,no_match,,original_raw
case-faac3cfabce2584d7a03,mf-9767e8bdfa0cd2d28cff,no_match,,original_raw
case-faac3cfabce2584d7a03,mf-3c3eaf1c890b4f92ba77,no_match,,original_raw
case-0f974a189406b0e9fdff,mf-7aa82b27b25d0197e8dd,no_reference,,original_raw
case-0f974a189406b0e9fdff,mf-1436ac6c1721973d6e1b,no_reference,,original_raw
case-0f974a189406b0e9fdff,mf-4434205666add2827565,no_reference,,original_raw
case-15a2421f1bcb68a912e0,mf-24cfffa166268d43b043,no_reference,,original_raw
case-15a2421f1bcb68a912e0,mf-0fc52af15eb3fee3b9e6,no_reference,,original_raw
case-1855415e884ee1ba48cc,mf-2e3567c77bbd65bbbbea,no_reference,,original_raw
case-1855415e884ee1ba48cc,mf-948bc8ad5bc6eb423de6,no_reference,,original_raw
case-1855415e884ee1ba48cc,mf-fd539680c4092b94b570,no_reference,,original_raw
case-23301a5c36a69f5fffff,mf-692162bb0bca480990a7,no_reference,,original_raw
case-23301a5c36a69f5fffff,mf-bd61f509a6ea92b113b1,no_reference,,original_raw
case-23301a5c36a69f5fffff,mf-8de636b6a4d824fe0ccb,no_reference,,original_raw
case-23301a5c36a69f5fffff,mf-783e4201e0c38a5b364a,no_reference,,original_raw
case-23301a5c36a69f5fffff,mf-1234318698a18b1af6e4,no_reference,,original_raw
case-23301a5c36a69f5fffff,mf-a6f6b210cf0df21589db,no_reference,,original_raw
case-2aff113b02718d12fa5c,mf-2cb60288eb8abb21193a,no_reference,,original_raw
case-2aff113b02718d12fa5c,mf-4460665426b297a92642,no_reference,,original_raw
case-33116a254af11ba01af8,mf-b5f4e40767c8e6a00cc6,no_reference,,original_raw
case-33116a254af11ba01af8,mf-7cc904ed42afa9993782,no_reference,,original_raw
case-33116a254af11ba01af8,mf-8ba1e3c94cb7f7e91c25,no_reference,,original_raw
case-33116a254af11ba01af8,mf-cc41afbe2d21f2722d57,no_reference,,original_raw
case-33116a254af11ba01af8,mf-9c0da61d62ff14f9f34f,no_reference,,original_raw
case-3627763b793cf921a336,mf-64e3e324fd248eee188b,no_reference,,original_raw
case-3627763b793cf921a336,mf-d30b828ec18b73bc5b6e,no_reference,,original_raw
case-3627763b793cf921a336,mf-14612235aa80e0ffd289,no_reference,,original_raw
case-3627763b793cf921a336,mf-ae71c7795a30ecbc03e4,no_reference,,original_raw
case-3627763b793cf921a336,mf-91f1eb68b259f1557735,no_reference,,original_raw
case-3627763b793cf921a336,mf-44864ff9d31737d56f1e,no_reference,,original_raw
case-3627763b793cf921a336,mf-d6b6af0695ccc75a1216,no_reference,,original_raw
case-3627763b793cf921a336,mf-c88b56bf8f2b44c511b7,no_reference,,original_raw
case-39bad374a9ade4062ccd,mf-1eb9251b666eea41b00e,no_reference,,original_raw
case-39bad374a9ade4062ccd,mf-2aa04019a4e20dd97893,no_reference,,original_raw
case-4055614affc1d125415b,mf-fd7e850dfd4bea885455,no_reference,,original_raw
case-4055614affc1d125415b,mf-807fe7f0f9b1db32d9ad,no_reference,,original_raw
case-4055614affc1d125415b,mf-c0fcbc34d03634bc05ef,no_reference,,original_raw
case-4055614affc1d125415b,mf-896bcde29363cdb19c45,no_reference,,original_raw
case-4055614affc1d125415b,mf-e88cc379f8cd864f958a,no_reference,,original_raw
case-44b8fa06262c22ac1334,mf-b0907c607ae1c057ad86,no_reference,,original_raw
case-44b8fa06262c22ac1334,mf-0a2ac049702e14a6e8fd,no_reference,,original_raw
case-44b8fa06262c22ac1334,mf-35ebcc68e6915d8e2af9,no_reference,,original_raw
case-44b8fa06262c22ac1334,mf-97c68a6cb933bb1792fa,no_reference,,original_raw
case-456a99e5375f1a6b0158,mf-96ad6557369b816e46cc,no_reference,,original_raw
case-456a99e5375f1a6b0158,mf-5dbd2048004ec5dd37c5,no_reference,,original_raw
case-456a99e5375f1a6b0158,mf-d564aed821e207e7f1ef,no_reference,,original_raw
case-456a99e5375f1a6b0158,mf-3a28dc39254b4d79d510,no_reference,,original_raw
case-456a99e5375f1a6b0158,mf-25e1d02bf1ec2062b373,no_reference,,original_raw
case-5049d6408b926501ef3e,mf-dc4954d1eb1974297928,no_reference,,original_raw
case-5049d6408b926501ef3e,mf-0ff9a273f4afff9c2c9c,no_reference,,original_raw
case-5049d6408b926501ef3e,mf-3196b332ad88737ce586,no_reference,,original_raw
case-5049d6408b926501ef3e,mf-a1e2c4a05a445ece64da,no_reference,,original_raw
case-60f7ca8a89bbb8cb0918,mf-8e4fadb48b7f06b03070,no_reference,,original_raw
case-705a42a22ea1000106b3,mf-531a5ad17d302aea4f0b,no_reference,,original_raw
case-705a42a22ea1000106b3,mf-0185a8b7a80088fefb0f,no_reference,,original_raw
case-705a42a22ea1000106b3,mf-8c07d080fcbdec1d43c9,no_reference,,original_raw
case-70e2ad7555f8d7f01060,mf-32f1da67ee4840c13231,no_reference,,original_raw
case-72f34ef0f483fa5dc4a2,mf-c439c42426d53acd5554,no_reference,,original_raw
case-72f34ef0f483fa5dc4a2,mf-7c951dfb9a9153ce38e2,no_reference,,original_raw
case-72f34ef0f483fa5dc4a2,mf-50b8ede407331b77e188,no_reference,,original_raw
case-72f34ef0f483fa5dc4a2,mf-16005ca736b240fbe252,no_reference,,original_raw
case-72f34ef0f483fa5dc4a2,mf-ec283b5d77dffd93c54a,no_reference,,original_raw
case-72f34ef0f483fa5dc4a2,mf-cc4dca0b8ea26c398f28,no_reference,,original_raw
case-72f34ef0f483fa5dc4a2,mf-17fad82d710bc4efa01e,no_reference,,original_raw
case-751c059c3e55e626a5f2,mf-d96719c757251a7ecd5f,no_reference,,original_raw
case-79b3ba24aed8629cb6fa,mf-5fa1960d986713ec374c,no_reference,,original_raw
case-79b3ba24aed8629cb6fa,mf-2c66c4ec3f2df79a72f3,no_reference,,original_raw
case-7c6f0f53534b13a179ae,mf-714bd37ffe785124c98a,no_reference,,original_raw
case-7c6f0f53534b13a179ae,mf-b750025d2fac450689b2,no_reference,,original_raw
case-7c6f0f53534b13a179ae,mf-9e0e62df63edd9cfd88a,no_reference,,original_raw
case-7c6f0f53534b13a179ae,mf-59ce0afe97961d3a4068,no_reference,,original_raw
case-7f788149a3a2219a99e4,mf-047f0555a8096ee3850c,no_reference,,original_raw
case-7f788149a3a2219a99e4,mf-edf4e2d85652ce3c7ce8,no_reference,,original_raw
case-7f788149a3a2219a99e4,mf-da0c1482946f8222b81e,no_reference,,original_raw
case-7f788149a3a2219a99e4,mf-d13126d766d82e7fc087,no_reference,,original_raw
case-7f788149a3a2219a99e4,mf-557da5a868a52daaaaea,no_reference,,original_raw
case-7f788149a3a2219a99e4,mf-bc8d61f4932729ecba13,no_reference,,original_raw
case-8021d18f5efd78f0cc50,mf-0dfd9a6e458799fad5d7,no_reference,,original_raw
case-8021d18f5efd78f0cc50,mf-4e51f253fde11e5e8ce2,no_reference,,original_raw
case-8021d18f5efd78f0cc50,mf-fae4644f083a4b1fea17,no_reference,,original_raw
case-8154f4ee5fa099eb0976,mf-3693cdaece5fe373dddd,no_reference,,original_raw
case-8154f4ee5fa099eb0976,mf-99f44828efbef1c4e6e2,no_reference,,original_raw
case-8154f4ee5fa099eb0976,mf-2fee843d3d44b5c4dfb2,no_reference,,original_raw
case-8154f4ee5fa099eb0976,mf-1867cdedb411fb599fe7,no_reference,,original_raw
case-8154f4ee5fa099eb0976,mf-2d99c729ecf9349af376,no_reference,,original_raw
case-880de7042f7b15901f54,mf-f5abbaaf9c239399540f,no_reference,,original_raw
case-989968fe00597e97988b,mf-e3a269399aae152c6c78,no_reference,,original_raw
case-a08180d0d3a6396032fb,mf-53ee4ff66f126a0f82f8,no_reference,,original_raw
case-a08180d0d3a6396032fb,mf-2a5e168a33315c3147c0,no_reference,,original_raw
case-aa2cbfc9848aab44dd69,mf-979adb3bc88cb24813f8,no_reference,,original_raw
case-aa2cbfc9848aab44dd69,mf-9fe37c47e67c9bc59027,no_reference,,original_raw
case-aa2cbfc9848aab44dd69,mf-9783a670047614a010b7,no_reference,,original_raw
case-b3c04defeaeb2dfc8df4,mf-dd20cd1f14efba6d1745,no_reference,,original_raw
case-b3c04defeaeb2dfc8df4,mf-50066e83c0dafa52285c,no_reference,,original_raw
case-b3c04defeaeb2dfc8df4,mf-dad7752325c1e7dab892,no_reference,,original_raw
case-b3c04defeaeb2dfc8df4,mf-34f945b17f6ee3dd59dc,no_reference,,original_raw
case-b3c04defeaeb2dfc8df4,mf-3aa8cc7f6ecdb96f59e9,no_reference,,original_raw
case-b3c04defeaeb2dfc8df4,mf-fcfb1c991b7c65d85e88,no_reference,,original_raw
case-b3c04defeaeb2dfc8df4,mf-1fb842378cf785ab1008,no_reference,,original_raw
case-c1987dda9a6823c29fea,mf-3031a0f84aa94686e61a,no_reference,,original_raw
case-c1987dda9a6823c29fea,mf-472ee5c1ab66a8861050,no_reference,,original_raw
case-c1987dda9a6823c29fea,mf-6e0e928ef0cc7b376605,no_reference,,original_raw
case-ce25e18c3e1b45613955,mf-d9c648ee6608e228fb30,no_reference,,original_raw
case-ce25e18c3e1b45613955,mf-e525111881b5ae918370,no_reference,,original_raw
case-ce25e18c3e1b45613955,mf-540aa795c2653e49a0e4,no_reference,,original_raw
case-d76dbaa9ee6c731f26bb,mf-543ff6484a2d14f63d72,no_reference,,original_raw
case-d76dbaa9ee6c731f26bb,mf-43c7163cc72254ee2b7f,no_reference,,original_raw
case-d76dbaa9ee6c731f26bb,mf-5f39035f346390477442,no_reference,,original_raw
case-d76dbaa9ee6c731f26bb,mf-f244cea2d4587d0d3fe6,no_reference,,original_raw
case-d76dbaa9ee6c731f26bb,mf-aa8cbc424c4d15ed78c2,no_reference,,original_raw
case-db4252297ba545d8268f,mf-e417c73f1719a286732b,no_reference,,original_raw
case-db4252297ba545d8268f,mf-77047f20d53adaa0819b,no_reference,,original_raw
case-db4252297ba545d8268f,mf-794f49ff0083598811f0,no_reference,,original_raw
case-db4252297ba545d8268f,mf-e247554b65c95bdfb024,no_reference,,original_raw
case-db4252297ba545d8268f,mf-9f3b897fa692ed0a84a9,no_reference,,original_raw
case-e303faa725537be11450,mf-3793736c7cadef461cdb,no_match,,original_raw
case-e303faa725537be11450,mf-a0abe1e92eea2f55428e,no_match,,original_raw
case-e3f9933438baa76e6439,mf-1f1dad226611f10464a4,no_reference,,original_raw
case-e3f9933438baa76e6439,mf-cd78aa4fca48efda5c17,no_reference,,original_raw
case-e3f9933438baa76e6439,mf-a1c2e8c374a5d6ad1197,no_reference,,original_raw
case-e3f9933438baa76e6439,mf-f74e13ea7f8e8b7d67ad,no_reference,,original_raw
case-e81abc2d4c6f476893c2,mf-4e84b843a3ff94801e30,no_reference,,original_raw
case-ee699d86c0aab7ef23c9,mf-40bd3ba89b570119dacc,no_reference,,original_raw
case-ee699d86c0aab7ef23c9,mf-d1b12c83901c342a1229,no_reference,,original_raw
case-ee699d86c0aab7ef23c9,mf-7f839306ff1135362eef,no_reference,,original_raw
case-ee699d86c0aab7ef23c9,mf-24fc44b8a10d2861a5dc,no_reference,,original_raw
case-ee699d86c0aab7ef23c9,mf-50022fd5ce84ec2d68a0,no_reference,,original_raw
case-ee699d86c0aab7ef23c9,mf-b419ebc9b95ce034f2aa,no_reference,,original_raw
case-ee699d86c0aab7ef23c9,mf-96e5462db09b4de0e35d,no_reference,,original_raw
case-10fff4befc55cc64d234,mf-dd7ed2d3c0fd8fd79070,no_match,,original_raw
case-10fff4befc55cc64d234,mf-d650f5c922f573d9d692,no_match,,original_raw
case-10fff4befc55cc64d234,mf-efdec81d5276eb99c448,no_match,,original_raw
case-144b11f4f95ea43bdd29,mf-882daccc297e73554d13,related_distinct,,original_raw
case-144b11f4f95ea43bdd29,mf-c6b36525718a74a5d5e4,related_distinct,,original_raw
case-165e7025bc0ca85902b7,mf-4c24ce406a59f5c63483,no_match,,original_raw
case-165e7025bc0ca85902b7,mf-5a3f0ccfd8d19accd5ed,no_match,,original_raw
case-165e7025bc0ca85902b7,mf-428d5e6c3aaefd72d1d2,no_match,,original_raw
case-165e7025bc0ca85902b7,mf-36d55aaacaf0656d5aef,no_match,,original_raw
case-165e7025bc0ca85902b7,mf-08b78a0f6e4f5d3b4f31,no_match,,original_raw
case-165e7025bc0ca85902b7,mf-1fb47fb2d0f69fa237c8,no_match,,original_raw
case-165e7025bc0ca85902b7,mf-6e556d25334de4b2045c,no_match,,original_raw
case-165e7025bc0ca85902b7,mf-aee3f592b0a688fac756,no_match,,original_raw
case-1882b202ff282a7c3526,mf-fd90fa8ed7f2d0b8cebe,related_distinct,,original_raw
case-1882b202ff282a7c3526,mf-e2c0b19c64ba611122ea,related_distinct,,original_raw
case-1882b202ff282a7c3526,mf-b0b282fdfd9832ba9af6,no_match,,original_raw
case-1bd23fd02f55f8ceb10d,mf-67e6747d81fb5df13084,related_distinct,,original_raw
case-1bd23fd02f55f8ceb10d,mf-fa3babf9e8aa3e7d31df,no_match,,original_raw
case-1bd23fd02f55f8ceb10d,mf-d3dd325833944081821c,no_match,,original_raw
case-1bd23fd02f55f8ceb10d,mf-6256b92f2425153918a7,no_match,,original_raw
case-1bd23fd02f55f8ceb10d,mf-fe9a4e536880eb08dd99,no_match,,original_raw
case-1cee12de60b9ec498450,mf-75f501c7d0c6062c0535,same_issue,sf-c3b547f75b876dd13bb0|sf-b3da3dd41a305635db10,original_raw
case-1cee12de60b9ec498450,mf-25bda74def2cb5fa6093,no_match,,original_raw
case-1cee12de60b9ec498450,mf-69d7e19c359310aa79b5,no_match,,original_raw
case-1cee12de60b9ec498450,mf-be381602638c012b9372,no_match,,original_raw
case-1cee12de60b9ec498450,mf-01c0f0f968089afb3c5a,related_distinct,,original_raw
case-1cee12de60b9ec498450,mf-bd5bef7593642fa2f3cb,no_match,,original_raw
case-1cee12de60b9ec498450,mf-32151992601c99be8054,no_match,,original_raw
case-2306add458da3672e85f,mf-b35ca1c207e300686ac4,no_match,,original_raw
case-255b98f2886754608eeb,mf-bc482b840824d55f0e6f,related_distinct,,original_raw
case-255b98f2886754608eeb,mf-9e9781c8054fb50ff19e,no_match,,original_raw
case-255b98f2886754608eeb,mf-7ebddc001b63896c7038,no_match,,original_raw
case-2ad9b8e9de705077d61e,mf-03e9790a4a38f693e1cc,no_match,,original_raw
case-2ad9b8e9de705077d61e,mf-f0f9cb00251f93881e95,no_match,,original_raw
case-2ad9b8e9de705077d61e,mf-c17ceb1af70da45d069a,related_distinct,,original_raw
case-2ad9b8e9de705077d61e,mf-99252b0b49937ab3bee2,no_match,,original_raw
case-2ad9b8e9de705077d61e,mf-5b1d6e5df936d06b3ffe,no_match,,original_raw
case-2ad9b8e9de705077d61e,mf-122602026d1728afad47,related_distinct,,original_raw
case-2ad9b8e9de705077d61e,mf-e261d5e3263818db3e67,no_match,,original_raw
case-2c3cde6b08772acb6fc2,mf-7a9083cafcfb2b010b06,no_match,,original_raw
case-2c3cde6b08772acb6fc2,mf-6ba7a56af69fae75b11f,no_match,,original_raw
case-2c3cde6b08772acb6fc2,mf-f95fe293c28875d078d7,no_match,,original_raw
case-2c3cde6b08772acb6fc2,mf-a41d53c7ec14ea1f5033,no_match,,original_raw
case-2c3cde6b08772acb6fc2,mf-2ad8877a8aa23d7a4869,no_match,,original_raw
case-2cdd9473970f9f723f9e,mf-bbbc394edc6ee883ecdd,no_match,,original_raw
case-2cdd9473970f9f723f9e,mf-ed30c34330cfb8f8efa6,no_match,,original_raw
case-2cdd9473970f9f723f9e,mf-287108fd178e4ee3fd5d,no_match,,original_raw
case-2cdd9473970f9f723f9e,mf-7e64ca77892dd1a19552,no_match,,original_raw
case-376baaaedc0c65b1cc07,mf-d563079ed4f665380bd2,same_issue,sf-b0fedc69e9185c94f17c,original_raw
case-3a453fb29262930df26d,mf-48cabc41740997cf3b51,no_match,,original_raw
case-3a453fb29262930df26d,mf-a554b8b46e47a02968eb,no_match,,original_raw
case-3a453fb29262930df26d,mf-aacedbf117458487abb5,no_match,,original_raw
case-3a453fb29262930df26d,mf-768d3c921a53cc7e4800,no_match,,original_raw
case-3a453fb29262930df26d,mf-f66423a783269f76b898,no_match,,original_raw
case-3a453fb29262930df26d,mf-ee74dabf9afbeb1cb3af,no_match,,original_raw
case-3a453fb29262930df26d,mf-56fc0f4d9bb9fc57546d,no_match,,original_raw
case-3a453fb29262930df26d,mf-85e08838199d9b48e261,no_match,,original_raw
case-3c8177202cf6cc19c412,mf-c270344a02683d8b0d13,related_distinct,,original_raw
case-3c8177202cf6cc19c412,mf-071efc364af2bde15030,related_distinct,,original_raw
case-3f20570dc7a7eb7615c6,mf-4e368dcc8ba0641d031d,same_issue,sf-2741be1828d2b080f33d,original_raw
case-3f20570dc7a7eb7615c6,mf-054381c0f2d433bc70a2,related_distinct,,original_raw
case-3f20570dc7a7eb7615c6,mf-83b1ee37ea692b8a55f2,related_distinct,,original_raw
case-3f20570dc7a7eb7615c6,mf-cfad478e7c41990fd1a2,related_distinct,,original_raw
case-3f20570dc7a7eb7615c6,mf-b035c4052f8f92caa7e5,related_distinct,,original_raw
case-3fb516ef59e99ebefe90,mf-006f005e8b46a0bd993f,no_match,,original_raw
case-3fb516ef59e99ebefe90,mf-b7326a574fc25b6e4ea5,no_match,,original_raw
case-3fb516ef59e99ebefe90,mf-0fbfbac6162e1fc17814,no_match,,original_raw
case-3fb516ef59e99ebefe90,mf-e75ffd70335f5351a792,no_match,,original_raw
case-3fb516ef59e99ebefe90,mf-04ce919efde9f7144c43,same_issue,sf-19c58094c5014824ced4,original_raw
case-4095aca83f88f54e46ec,mf-96f500e0eb9535d21673,no_match,,original_raw
case-4095aca83f88f54e46ec,mf-5bd072887c3ef2a6c332,no_match,,original_raw
case-4095aca83f88f54e46ec,mf-2bb6328123541aeee6d2,no_match,,original_raw
case-4095aca83f88f54e46ec,mf-91f3c1733b64ae6c17ea,no_match,,original_raw
case-4095aca83f88f54e46ec,mf-f1a0213fff2cb23eac82,no_match,,original_raw
case-40fa8beab703be9d9368,mf-7c22fdf040fc496e8426,no_match,,original_raw
case-40fa8beab703be9d9368,mf-a7e34e99633349bf4cc0,no_match,,original_raw
case-40fa8beab703be9d9368,mf-4c8524b46194730e7942,no_match,,original_raw
case-40fa8beab703be9d9368,mf-2cb67d10c6458830779e,no_match,,original_raw
case-40fa8beab703be9d9368,mf-a4f7c0580181c4517d67,no_match,,original_raw
case-40fa8beab703be9d9368,mf-64f26bd62bc57f6a6f8b,no_match,,original_raw
case-40fa8beab703be9d9368,mf-ef5b79415e18c02aca52,no_match,,original_raw
case-40fa8beab703be9d9368,mf-baef29ab118cec29df3e,no_match,,original_raw
case-40fa8beab703be9d9368,mf-97812956e1c298fbec12,no_match,,original_raw
case-40fa8beab703be9d9368,mf-d77a2f834ab8591f2932,no_match,,original_raw
case-40fa8beab703be9d9368,mf-91c073b44fef5731f5f1,no_match,,original_raw
case-4161a92d63b830e8d25b,mf-014ffb097c662078a9ac,related_distinct,,original_raw
case-4161a92d63b830e8d25b,mf-5ac5dfa61c0e1364af3a,no_match,,original_raw
case-4161a92d63b830e8d25b,mf-29f5e76ecc4486a8fad1,same_issue,sf-afa4245d46a5c13ad5ea,original_raw
case-4161a92d63b830e8d25b,mf-6ac8ddaddcb6019f25b8,no_match,,original_raw
case-43645709b6ff2623e8d8,mf-de8ac9a24f08a10d4e5b,related_distinct,,original_raw
case-4578c4889514db7150cf,mf-d8820e84f7593b7b4028,no_match,,original_raw
case-4cf1ca9870497fac9821,mf-ac6fabb3b4807382eda3,no_match,,original_raw
case-4cf1ca9870497fac9821,mf-493e4983bfac2990adf0,no_match,,original_raw
case-4cf1ca9870497fac9821,mf-01d9562a429c9f556748,no_match,,original_raw
case-4cf1ca9870497fac9821,mf-1656d6c62510a30173a8,same_issue,sf-634667cf130d5adfb5c8,original_raw
case-4e52a2d6c64a01088271,mf-75ab62469637991e532a,related_distinct,,original_raw
case-4e52a2d6c64a01088271,mf-c7816302bb3f4c136351,related_distinct,,original_raw
case-4f8afc12e67d17483588,mf-b12315f863cd5256e126,related_distinct,,original_raw
case-4f8afc12e67d17483588,mf-df1141432c41037146c7,no_match,,original_raw
case-525728e1a062e44ee133,mf-5c9bbbb5c6ae6f12a446,no_match,,original_raw
case-525728e1a062e44ee133,mf-d3b1d174e7ba3987a8f1,no_match,,original_raw
case-525728e1a062e44ee133,mf-0fbe94f2237a3cc7526b,no_match,,original_raw
case-525728e1a062e44ee133,mf-e15dff7eb9b7011b4481,no_match,,original_raw
case-525728e1a062e44ee133,mf-2f787e2432e17f3654f6,no_match,,original_raw
case-525728e1a062e44ee133,mf-73de30e527ce28d94529,no_match,,original_raw
case-525728e1a062e44ee133,mf-59122c9a7397c8673a9e,no_match,,original_raw
case-531a14c51b5c84477849,mf-06b7cfb8376e61c6005b,related_distinct,,original_raw
case-531a14c51b5c84477849,mf-eea54fa1fe69ad1b5155,related_distinct,,original_raw
case-531a14c51b5c84477849,mf-48fba73bd72a59fe286d,no_match,,original_raw
case-531a14c51b5c84477849,mf-bb6d77d335bdd11f8152,no_match,,original_raw
case-5692e89beef2e6430372,mf-65beb655469e8243f6d4,related_distinct,,original_raw
case-5692e89beef2e6430372,mf-8441e47aa859c8ad4b84,no_match,,original_raw
case-5692e89beef2e6430372,mf-82c02522713c787fd17a,no_match,,original_raw
case-5692e89beef2e6430372,mf-94809f6cd73a80ec4ea7,no_match,,original_raw
case-58063cca6b2b2e55d6c8,mf-797cdb8e050834555441,related_distinct,,original_raw
case-58063cca6b2b2e55d6c8,mf-a759e03a082532d67a4a,no_match,,original_raw
case-58063cca6b2b2e55d6c8,mf-d44f0899fe308f31f182,no_match,,original_raw
case-58063cca6b2b2e55d6c8,mf-eb4e01332c9bd1b14146,no_match,,original_raw
case-58063cca6b2b2e55d6c8,mf-3e793998232f166964c9,no_match,,original_raw
case-58063cca6b2b2e55d6c8,mf-a7056b43ed65407f7b18,no_match,,original_raw
case-58063cca6b2b2e55d6c8,mf-1995bf70a2f5201a84a7,no_match,,original_raw
case-58063cca6b2b2e55d6c8,mf-865bcbb70679396fe615,related_distinct,,original_raw
case-58063cca6b2b2e55d6c8,mf-aee12e88372ce2626217,same_issue,sf-f532ccac6a5f28e305cc,original_raw
case-5a5d102c7e9aef574fc5,mf-812a9944e048d75fe095,no_match,,original_raw
case-5a5d102c7e9aef574fc5,mf-0ed9ac23bddbd9051686,no_match,,original_raw
case-5a5d102c7e9aef574fc5,mf-659ff30ce2cc079d3620,no_match,,original_raw
case-5a5d102c7e9aef574fc5,mf-46eccf29914417ddbbe5,no_match,,original_raw
case-5a5d102c7e9aef574fc5,mf-df9907b90923af4cc3c6,no_match,,original_raw
case-5a5d102c7e9aef574fc5,mf-9ca262249904cd66d860,no_match,,original_raw
case-5a5d102c7e9aef574fc5,mf-241d31bcd25cfc8c026e,no_match,,original_raw
case-5c4295a4e29dfd518b81,mf-d0f4911ca09d57a24c1d,no_match,,original_raw
case-5c4295a4e29dfd518b81,mf-275b55fc030298c02ab0,related_distinct,,original_raw
case-5c4295a4e29dfd518b81,mf-8f28cdd7747c103bd859,no_match,,original_raw
case-5c4295a4e29dfd518b81,mf-ebd179394a9d763b0ff8,related_distinct,,original_raw
case-5c4295a4e29dfd518b81,mf-3153246fdfa6218614e6,related_distinct,,original_raw
case-5d259ad82985046d8794,mf-dd06367fc035549da2ff,same_issue,sf-b9f257b196fb325642b0,original_raw
case-5d259ad82985046d8794,mf-771f4b825934f5436691,no_match,,original_raw
case-5d259ad82985046d8794,mf-608826005abc0c364183,no_match,,original_raw
case-5d259ad82985046d8794,mf-76f342c0eed46c26a30e,no_match,,original_raw
case-614e7b1427a1306c4e95,mf-b9ab48123c1d90961cbb,no_match,,original_raw
case-614e7b1427a1306c4e95,mf-c3bb0928e60a2ce26b76,no_match,,original_raw
case-614e7b1427a1306c4e95,mf-04fb41d7cb6952f9c58c,no_match,,original_raw
case-614e7b1427a1306c4e95,mf-27cd755d1790e2f8c284,no_match,,original_raw
case-614e7b1427a1306c4e95,mf-3cf431907ff67c9d0438,related_distinct,,original_raw
case-614e7b1427a1306c4e95,mf-5c91655e9b43ba98b777,no_match,,original_raw
case-620175c9a99c49119a2d,mf-913144f6cc1ab12fbd28,no_match,,original_raw
case-620175c9a99c49119a2d,mf-60f601bab5ab25e19f50,no_match,,original_raw
case-620175c9a99c49119a2d,mf-6e397f217d1afbadbb9c,no_match,,original_raw
case-620175c9a99c49119a2d,mf-ab236c6af153e3113188,no_match,,original_raw
case-620175c9a99c49119a2d,mf-a92976995191417986bf,no_match,,original_raw
case-6810e3569e902f4a518f,mf-f2ec27382e1e6b595a6f,no_match,,original_raw
case-6ad10cf412f11c064208,mf-61f0b69bae3107365b37,related_distinct,,original_raw
case-6ad10cf412f11c064208,mf-dae795233cd9bdeb4ca2,same_issue,sf-5a533b6326ee44b48e6f,original_raw
case-6ad10cf412f11c064208,mf-d57060b91d512b47c35b,no_match,,original_raw
case-6ad10cf412f11c064208,mf-e54f60ae15aeaff78bd4,related_distinct,,original_raw
case-72d9d34b8bd7f1c63abc,mf-c87faa265cbbbcfb02f2,no_match,,original_raw
case-72d9d34b8bd7f1c63abc,mf-dba0db6c37516b7f1dbd,related_distinct,,original_raw
case-72d9d34b8bd7f1c63abc,mf-983aa96a5ae9958286af,no_match,,original_raw
case-72d9d34b8bd7f1c63abc,mf-e9195d53a99f4a29b228,no_match,,original_raw
case-72d9d34b8bd7f1c63abc,mf-d284d02a35c959eb86f9,same_issue,sf-357f6774d50fcac7fbd4,original_raw
case-72d9d34b8bd7f1c63abc,mf-79888c62fc8b6161d4a9,no_match,,original_raw
case-72d9d34b8bd7f1c63abc,mf-8746361676c68a45bdb7,no_match,,original_raw
case-7752a6d9d5c913b909f9,mf-5b85b8147f5d8d90f5f6,related_distinct,,original_raw
case-7752a6d9d5c913b909f9,mf-6e530d93f5364a0568fd,related_distinct,,original_raw
case-7752a6d9d5c913b909f9,mf-8982e5a69876f384c66a,no_match,,original_raw
case-7752a6d9d5c913b909f9,mf-599abf63f66231910535,no_match,,original_raw
case-7752a6d9d5c913b909f9,mf-4d3f13ee6cd6da9fb245,no_match,,original_raw
case-7752a6d9d5c913b909f9,mf-7fc8b25fb388c67e428c,no_match,,original_raw
case-7752a6d9d5c913b909f9,mf-ea19a2154ee3269ac8ab,no_match,,original_raw
case-7752a6d9d5c913b909f9,mf-3b6b9d4ec83db3b54939,no_match,,original_raw
case-7752a6d9d5c913b909f9,mf-5152da9630e2dfc467b1,no_match,,original_raw
case-7752a6d9d5c913b909f9,mf-888af6ca801e81ebd116,no_match,,original_raw
case-7752a6d9d5c913b909f9,mf-f3607d6a41e9ae660be3,same_issue,sf-ea2190d5e89abdfe0013|sf-31691eb9d307bd01136f|sf-ab9efb5c8d96da9af18f|sf-807473e2ea683c060958,original_raw
case-7752a6d9d5c913b909f9,mf-6a08469091876095a3e5,no_match,,original_raw
case-781243d89e391c3fb5dd,mf-6934f142f1675587243a,related_distinct,,original_raw
case-781243d89e391c3fb5dd,mf-1b428ec90758835508be,related_distinct,,original_raw
case-781243d89e391c3fb5dd,mf-4225e9eaf0486e03d823,related_distinct,,original_raw
case-781243d89e391c3fb5dd,mf-f96f8b74cfd2134221c6,related_distinct,,original_raw
case-781243d89e391c3fb5dd,mf-0572841493eac2be9706,related_distinct,,original_raw
case-781243d89e391c3fb5dd,mf-18976ea71acbc7b2fba7,related_distinct,,original_raw
case-7a8a934168b2b85d88cc,mf-d4e5c36d1bafce81c263,no_match,,original_raw
case-7a8a934168b2b85d88cc,mf-06ac1321356989b98613,no_match,,original_raw
case-7a8a934168b2b85d88cc,mf-c1a99912a72effc535b3,no_match,,original_raw
case-7a8a934168b2b85d88cc,mf-3a12513910a3c4282203,no_match,,original_raw
case-7a8a934168b2b85d88cc,mf-8b529d19c4fd57fab1de,no_match,,original_raw
case-7a8a934168b2b85d88cc,mf-aca4b9dc508a414eb4ff,no_match,,original_raw
case-7a8a934168b2b85d88cc,mf-350e692462b3b348b405,no_match,,original_raw
case-7a8a934168b2b85d88cc,mf-96ad52f304c3ec4152da,no_match,,original_raw
case-7a8a934168b2b85d88cc,mf-8619c2034e25da3134b6,no_match,,original_raw
case-7a8a934168b2b85d88cc,mf-18613ec02f20185465a7,no_match,,original_raw
case-7edd902574e5d13c004d,mf-fd8d14671d6a22b31a8f,no_match,,original_raw
case-7edd902574e5d13c004d,mf-08781748c34aae32fbab,related_distinct,,original_raw
case-7edd902574e5d13c004d,mf-4ea11328dad67a86c546,no_match,,original_raw
case-7edd902574e5d13c004d,mf-7217a8ea5fa33ba03cf3,related_distinct,,original_raw
case-7edd902574e5d13c004d,mf-d7c634fbaf18a6db274a,related_distinct,,original_raw
case-7fb6be0a9ff351d07097,mf-dd717874f9180842abd1,related_distinct,,original_raw
case-7fb6be0a9ff351d07097,mf-911cfe15fedb0e936809,related_distinct,,original_raw
case-7fb6be0a9ff351d07097,mf-d475d70df38c19aa1e87,related_distinct,,original_raw
case-7fb6be0a9ff351d07097,mf-2deffd75fe0b501f270f,no_match,,original_raw
case-825e526ce8d150c686e2,mf-a2c5822a062ca2202d63,no_match,,original_raw
case-825e526ce8d150c686e2,mf-97ccae07d6a17abb4d7c,no_match,,original_raw
case-825e526ce8d150c686e2,mf-2bf843ae1aecde330e21,no_match,,original_raw
case-82870bc3110df4617202,mf-495c57f6fde5d0e20269,no_match,,original_raw
case-82870bc3110df4617202,mf-f2d149030fdedc698be5,related_distinct,,original_raw
case-82870bc3110df4617202,mf-6237f044c12af2e3e1e3,no_match,,original_raw
case-8759efacbf1ad8eda644,mf-1637ed90193560c30b38,no_match,,original_raw
case-8759efacbf1ad8eda644,mf-27dccdbc3f9228973956,no_match,,original_raw
case-8759efacbf1ad8eda644,mf-773ef97fe2dd3031c1c8,same_issue,sf-18403391cd1d77815e51,original_raw
case-8759efacbf1ad8eda644,mf-398b098f939e79261d23,related_distinct,,original_raw
case-8759efacbf1ad8eda644,mf-e53ba25ef76e2a7aa6f2,same_issue,sf-18403391cd1d77815e51,original_raw
case-8759efacbf1ad8eda644,mf-a60a4039d07c17c66015,no_match,,original_raw
case-8759efacbf1ad8eda644,mf-1281f467c91dac834c10,no_match,,original_raw
case-8759efacbf1ad8eda644,mf-f9d1c741682385cccc31,no_match,,original_raw
case-8951dec5ce285d98965c,mf-908c060e62784652d055,no_match,,original_raw
case-8e80f8f75b18fc1f2c20,mf-15be314d31bbb6677423,related_distinct,,original_raw
case-8e80f8f75b18fc1f2c20,mf-e94e1510ec09a804a0ea,related_distinct,,original_raw
case-8e80f8f75b18fc1f2c20,mf-a5120651d34efec82580,no_match,,original_raw
case-925775ad39947c2066a7,mf-fc83a81244d98cd19bc0,related_distinct,,original_raw
case-925775ad39947c2066a7,mf-cadc151e6e21ce6aefd9,same_issue,sf-7dcd6d87ef4cd5464e10,original_raw
case-925775ad39947c2066a7,mf-5d27ebb328b436f74e6b,related_distinct,,original_raw
case-9258fcf27373a933e7e2,mf-3c1baffbf9d808e3fa08,no_match,,original_raw
case-9258fcf27373a933e7e2,mf-7f780379c539d58b53ab,no_match,,original_raw
case-9258fcf27373a933e7e2,mf-74e2ca662355f7b961be,no_match,,original_raw
case-9597ed92b1be9122fd86,mf-59f4e9d4eb46d7bf939a,related_distinct,,original_raw
case-9597ed92b1be9122fd86,mf-f210a7b607a99ebaedcc,related_distinct,,original_raw
case-97ffe4b940da60fc3723,mf-c1193b86269a8e0d563c,related_distinct,,original_raw
case-97ffe4b940da60fc3723,mf-8fdee0fca6548a711579,related_distinct,,original_raw
case-97ffe4b940da60fc3723,mf-f16ec6131e180bf76fe2,no_match,,original_raw
case-97ffe4b940da60fc3723,mf-fc5c0b7d31a3c48172b0,no_match,,original_raw
case-97ffe4b940da60fc3723,mf-f713b1816935ad7e2926,no_match,,original_raw
case-9d5b1f099bc198089f82,mf-ea2f399ca99a22b3d644,related_distinct,,original_raw
case-9d5b1f099bc198089f82,mf-0d591972e9d2300c6865,related_distinct,,original_raw
case-9d5b1f099bc198089f82,mf-9a6a021e945d0c5cc441,related_distinct,,original_raw
case-9d5b1f099bc198089f82,mf-e3369ab1c3cd8dc07132,same_issue,sf-84f6788381622f3d7c51,original_raw
case-9d5b1f099bc198089f82,mf-253489f1820a137d4941,related_distinct,,original_raw
case-9d5b1f099bc198089f82,mf-b7a8d7074f4bca6d2e37,related_distinct,,original_raw
case-9d5b1f099bc198089f82,mf-38d4d53ea88f319af77c,no_match,,original_raw
case-9dbfa7a0c3210e05dad8,mf-d38c8de5f4114eaf1577,no_match,,original_raw
case-9dbfa7a0c3210e05dad8,mf-8e61f70b0593041c28ec,related_distinct,,original_raw
case-9dbfa7a0c3210e05dad8,mf-b32b46e60bc479d2b482,no_match,,original_raw
case-9dbfa7a0c3210e05dad8,mf-3e966efd8c79a04d09e8,no_match,,original_raw
case-9dbfa7a0c3210e05dad8,mf-23eb2ac409d281d1eb49,no_match,,original_raw
case-9dbfa7a0c3210e05dad8,mf-b9a7e7345a944f47f790,no_match,,original_raw
case-9e05553c2cc8257de803,mf-e41b323c58c3a2e8cf9a,related_distinct,,original_raw
case-9e05553c2cc8257de803,mf-29450cce710a6ab72e1d,no_match,,original_raw
case-9e05553c2cc8257de803,mf-1882f06cc73d4f4fe66d,no_match,,original_raw
case-9e05553c2cc8257de803,mf-b9be20c2eddc2b7f9b0f,no_match,,original_raw
case-a8f8a3338967bf8c953b,mf-77cdf944b0813ae2ed3f,no_match,,original_raw
case-a8f8a3338967bf8c953b,mf-e6cb18da07dec79aa940,same_issue,sf-970bf9e61a45dfd9b7be,original_raw
case-a8f8a3338967bf8c953b,mf-24c11992bdf14af43a4d,related_distinct,,original_raw
case-a8f8a3338967bf8c953b,mf-d4b140605db257b628e1,same_issue,sf-db35ab622ec52fd73aa6,original_raw
case-b46393c556b0e1ab8e03,mf-07ac1a6b97c37caa5055,no_match,,original_raw
case-b46393c556b0e1ab8e03,mf-6dbcae2e36c2fca3ea60,no_match,,original_raw
case-b8af4d9b4865f25701f6,mf-ada9ee34d15609abb579,no_match,,original_raw
case-b8af4d9b4865f25701f6,mf-adca15796ba2f45e11fa,related_distinct,,original_raw
case-b8af4d9b4865f25701f6,mf-99f5ba3ef86abe674faa,related_distinct,,original_raw
case-b8af4d9b4865f25701f6,mf-532e8b66d1fc5239fd98,related_distinct,,original_raw
case-b8af4d9b4865f25701f6,mf-eb18d03fbbe47e829551,related_distinct,,original_raw
case-bb513ea234bdfc13c5a1,mf-c8c6eee1e55829978e4e,no_match,,original_raw
case-bb513ea234bdfc13c5a1,mf-81a4e08b756517392d49,no_match,,original_raw
case-bb513ea234bdfc13c5a1,mf-d78013c367023a14ce7a,no_match,,original_raw
case-bb513ea234bdfc13c5a1,mf-3ec856c2040c70756116,no_match,,original_raw
case-bb513ea234bdfc13c5a1,mf-182c6c5a6c3803f26b01,no_match,,original_raw
case-bb513ea234bdfc13c5a1,mf-fec289baf92c6edbf03e,no_match,,original_raw
case-bb513ea234bdfc13c5a1,mf-78d928a2fa18c8371a48,no_match,,original_raw
case-bb513ea234bdfc13c5a1,mf-2b6f567591cd114e3fba,no_match,,original_raw
case-bb513ea234bdfc13c5a1,mf-53e9d44ab98afde82439,no_match,,original_raw
case-bb513ea234bdfc13c5a1,mf-5d833ccb1fb5bed72089,no_match,,original_raw
case-bb9f107e8c4492d808f0,mf-cc8ee5de592c4135f4c2,no_match,,original_raw
case-bb9f107e8c4492d808f0,mf-864adfa7259d1861b1c7,no_match,,original_raw
case-c4f7afe4573a5fc51cc1,mf-5f501cde9faa742a3177,no_match,,original_raw
case-c4f7afe4573a5fc51cc1,mf-e7396f3a2e46712b101f,no_match,,original_raw
case-c4f7afe4573a5fc51cc1,mf-14d460adf4ec001337f1,no_match,,original_raw
case-c4f7afe4573a5fc51cc1,mf-f76d7a2601ff487b192c,no_match,,original_raw
case-c4f7afe4573a5fc51cc1,mf-45cdeadf24d44f43aebb,no_match,,original_raw
case-c812fbc20a056cc30f2a,mf-da1837357df66a9a84aa,no_match,,original_raw
case-c812fbc20a056cc30f2a,mf-b43b33bf82d1d061068d,no_match,,original_raw
case-c812fbc20a056cc30f2a,mf-26bb93e6c6102caa9013,no_match,,original_raw
case-c812fbc20a056cc30f2a,mf-2a97ac0521553fb7cddc,no_match,,original_raw
case-c812fbc20a056cc30f2a,mf-e59837108b6d1882e412,no_match,,original_raw
case-c812fbc20a056cc30f2a,mf-3129e4bc379c5916257c,no_match,,original_raw
case-c812fbc20a056cc30f2a,mf-04fa01cafbf8f218dc5f,no_match,,original_raw
case-c812fbc20a056cc30f2a,mf-b705682322e46446eb30,no_match,,original_raw
case-c812fbc20a056cc30f2a,mf-a8f63113127eec066cd5,related_distinct,,original_raw
case-ca17bd7389a0f6607c96,mf-432d4765c70aa6a3e1e5,related_distinct,,original_raw
case-ca17bd7389a0f6607c96,mf-faef77c4299a278dd427,no_match,,original_raw
case-ca17bd7389a0f6607c96,mf-2b6425af3e08467cd46f,no_match,,original_raw
case-ca17bd7389a0f6607c96,mf-979c09a87a8923105ccf,related_distinct,,original_raw
case-ca17bd7389a0f6607c96,mf-eb45c7bcaa83571a357d,no_match,,original_raw
case-ca17bd7389a0f6607c96,mf-6f792eaad63f416680f5,related_distinct,,original_raw
case-ca17bd7389a0f6607c96,mf-683c1481aef67b560a8f,no_match,,original_raw
case-ca17bd7389a0f6607c96,mf-24c5034247eed73f6904,no_match,,original_raw
case-cc06a36391a666250d94,mf-6ffea054989cf6bd8eb1,no_match,,original_raw
case-cc06a36391a666250d94,mf-ada9839f899a44c1c1d9,no_match,,original_raw
case-cc06a36391a666250d94,mf-742dfdea2e41866007d0,no_match,,original_raw
case-cc06a36391a666250d94,mf-4fdd5f1a8c68e4e08837,no_match,,original_raw
case-cc06a36391a666250d94,mf-9d936bbf71f3b303ab97,no_match,,original_raw
case-ceeab167e6eb9cc30b63,mf-fb96db3805c2d08b5e3b,no_match,,original_raw
case-ceeab167e6eb9cc30b63,mf-a3a4fc246044bef6ec0c,no_match,,original_raw
case-ceeab167e6eb9cc30b63,mf-b61e41a6c22320198a21,no_match,,original_raw
case-d43932c2523bb6005b6b,mf-ce9b6725da636713d7e0,no_match,,original_raw
case-d43932c2523bb6005b6b,mf-4eab908ade94c6c7674d,no_match,,original_raw
case-d43932c2523bb6005b6b,mf-4ab9ee308b2e706e3e02,no_match,,original_raw
case-d43932c2523bb6005b6b,mf-182d4e5cbd56da18a5cc,related_distinct,,original_raw
case-d43932c2523bb6005b6b,mf-edbf027d4852da280710,no_match,,original_raw
case-d4ea05c67dc5b4b78eca,mf-5a0621b5eb6185d5e40e,no_match,,original_raw
case-d4ea05c67dc5b4b78eca,mf-3ae49cb8efc52ff2fa40,no_match,,original_raw
case-d4ea05c67dc5b4b78eca,mf-df1bd17a139628e13a6e,no_match,,original_raw
case-d4ea05c67dc5b4b78eca,mf-d5cd566519330d3398be,no_match,,original_raw
case-d4ea05c67dc5b4b78eca,mf-ab3d9870cb255a34708d,no_match,,original_raw
case-d4ea05c67dc5b4b78eca,mf-05539145b0ccd7fb9c4d,no_match,,original_raw
case-d4ea05c67dc5b4b78eca,mf-f448758811f2498eed23,no_match,,original_raw
case-d4ea05c67dc5b4b78eca,mf-337fd726466b0d760fa8,no_match,,original_raw
case-d4ea05c67dc5b4b78eca,mf-eb87cb58e4bb7d322bc4,no_match,,original_raw
case-d6dde2f26a32c9bff76d,mf-39d4f55abcac95d44bf0,no_match,,original_raw
case-d6dde2f26a32c9bff76d,mf-b3f02a8dbb487a684753,no_match,,original_raw
case-d6dde2f26a32c9bff76d,mf-c5aa54c74a73ae9fb77b,no_match,,original_raw
case-d6dde2f26a32c9bff76d,mf-2a41c1e7e15a9550712d,no_match,,original_raw
case-d6dde2f26a32c9bff76d,mf-406b2a7a6a811b37880e,no_match,,original_raw
case-d6dde2f26a32c9bff76d,mf-04073e2bce80ecc9d2ba,no_match,,original_raw
case-d6dde2f26a32c9bff76d,mf-807b1ee07eeacdb62155,no_match,,original_raw
case-da8176df9d4c3da588f6,mf-9bfc07386e61909c0971,no_match,,original_raw
case-da8176df9d4c3da588f6,mf-8cb32ceb7f63effff621,no_match,,original_raw
case-da8176df9d4c3da588f6,mf-fe20dd5a297c796d6c62,no_match,,original_raw
case-da8176df9d4c3da588f6,mf-ae2280237f91c88977d2,no_match,,original_raw
case-da8176df9d4c3da588f6,mf-6eba6addcfee54c37164,no_match,,original_raw
case-da8176df9d4c3da588f6,mf-723d66194a71586e1f27,no_match,,original_raw
case-da8176df9d4c3da588f6,mf-1980e304bc0390fd1dd3,no_match,,original_raw
case-da8176df9d4c3da588f6,mf-724f01f1004a423a7cbc,no_match,,original_raw
case-da8176df9d4c3da588f6,mf-926ad0f49cbd67e4efc6,no_match,,original_raw
case-da8176df9d4c3da588f6,mf-266d2cbcc10657ead596,no_match,,original_raw
case-e2873dbaad5aa9b00625,mf-5d287f79a18c9906dc15,related_distinct,,original_raw
case-e2873dbaad5aa9b00625,mf-e69d15c0931a242e1b4a,no_match,,original_raw
case-e2873dbaad5aa9b00625,mf-8d913518204ec438f793,no_match,,original_raw
case-e2873dbaad5aa9b00625,mf-f25dca1d73c9ee9b39dd,no_match,,original_raw
case-e5ea5da2a535c77cde60,mf-2434a59c5d8ee6bf0009,no_match,,original_raw
case-e5ea5da2a535c77cde60,mf-0b57109851bbfa62a11e,same_issue,sf-ac9598d4fd0200b7926e,original_raw
case-e5ea5da2a535c77cde60,mf-9324ce38422d0ac8ba20,no_match,,original_raw
case-e644dabe399c62ffb568,mf-992ffb8343071e96f185,no_match,,original_raw
case-e644dabe399c62ffb568,mf-ce24284f0952e51d0a9c,same_issue,sf-55684ed0f67e014c4cbc,original_raw
case-e644dabe399c62ffb568,mf-dfbe2888679be9ecbe28,no_match,,original_raw
case-e644dabe399c62ffb568,mf-c4b2d7a87fbbb08d5de1,no_match,,original_raw
case-e644dabe399c62ffb568,mf-ccfc5ed8be7258a330a9,no_match,,original_raw
case-e644dabe399c62ffb568,mf-e7cd7550a13cf76e2668,no_match,,original_raw
case-e6e36b8bcc69c4977c43,mf-e5d8ddee77df29eedcae,related_distinct,,original_raw
case-e6e36b8bcc69c4977c43,mf-e9b7f00405039fbe2794,no_match,,original_raw
case-e6e36b8bcc69c4977c43,mf-18eda4cf036d02bd880e,no_match,,original_raw
case-e6e36b8bcc69c4977c43,mf-95741a7bbd4fb41c457d,no_match,,original_raw
case-e6e36b8bcc69c4977c43,mf-ae710b6f3a3e7dfb3912,no_match,,original_raw
case-e6e36b8bcc69c4977c43,mf-65f1d7d218177cb7ea7c,no_match,,original_raw
case-e6e36b8bcc69c4977c43,mf-5ec8ada9f4dc79f2e6cd,no_match,,original_raw
case-e7925d2971d434bc38de,mf-058e832c8806425a1a0d,no_match,,original_raw
case-e7925d2971d434bc38de,mf-30c27c8d8d1672d216cb,no_match,,original_raw
case-e7925d2971d434bc38de,mf-8c86b293fd029c88268f,no_match,,original_raw
case-e7925d2971d434bc38de,mf-f71c8e3477540beee169,no_match,,original_raw
case-eb681d918af8f53202fa,mf-b20f77655fe7a86c1730,no_match,,original_raw
case-eb681d918af8f53202fa,mf-2b7be61d1e62bfe891ea,no_match,,original_raw
case-eb681d918af8f53202fa,mf-8c0f87de09ccb856e80a,no_match,,original_raw
case-eb681d918af8f53202fa,mf-8f0301488c18d1129857,no_match,,original_raw
case-eb681d918af8f53202fa,mf-1f6725cfdd60839e04fc,related_distinct,,original_raw
case-eb681d918af8f53202fa,mf-8805da78c05f7501a8a9,no_match,,original_raw
case-eb681d918af8f53202fa,mf-5941336ee26f3778a242,no_match,,original_raw
case-eb681d918af8f53202fa,mf-420fb3cf6c0d066358e0,no_match,,original_raw
case-f43ddbe01d48c57e3d09,mf-a94e72e8ca9c52749633,related_distinct,,original_raw
case-f73cb6778f797cd03992,mf-221352ef3e10fa370c08,no_match,,original_raw
case-f73cb6778f797cd03992,mf-c8eec46aa327ce765a0b,no_match,,original_raw
case-f73cb6778f797cd03992,mf-4587188ffb503630f030,no_match,,original_raw
case-f73cb6778f797cd03992,mf-ce0d5042fb19a2ac3914,no_match,,original_raw
case-f8ec934ad36d9c3fff54,mf-30bec1e6b3f34bb58a5f,same_issue,sf-9d33d57f21df4561ef54,original_raw
case-fd1bb152abf59358660e,mf-16f51214adbfcbbdc983,no_match,,original_raw
case-fd1bb152abf59358660e,mf-58160e783b7f6cc3afd6,related_distinct,,original_raw
case-fd1bb152abf59358660e,mf-0ee5380b18c38208ab0a,no_match,,original_raw
case-fd1bb152abf59358660e,mf-7275e64387783ef801c7,no_match,,original_raw
case-fd1bb152abf59358660e,mf-72af3ff6086f600b4450,no_match,,original_raw
case-fd1bb152abf59358660e,mf-925e361c7fd8c9bbc517,same_issue,sf-09b68bd0be4999a9c3fc,original_raw
case-fec39babcb4d42292e9b,mf-105b462208781c366431,related_distinct,,original_raw
case-ff1dc77e4f7787b90c70,mf-17c22aa710385ecfc051,no_match,,original_raw
case-ff1dc77e4f7787b90c70,mf-994e24db9322b0aeb9b5,no_match,,original_raw
case-e76cf55d18b0ab58656e,case-e76cf55d18b0ab58656e-f0001,no_reference,,confirmed_broad
case-e76cf55d18b0ab58656e,case-e76cf55d18b0ab58656e-f0002,no_reference,,confirmed_broad
case-2cb2790135584fbec7b6,case-2cb2790135584fbec7b6-f0001,no_reference,,confirmed_broad
case-2cb2790135584fbec7b6,case-2cb2790135584fbec7b6-f0002,no_reference,,confirmed_broad
case-2cb2790135584fbec7b6,case-2cb2790135584fbec7b6-f0003,no_reference,,confirmed_broad
case-2cb2790135584fbec7b6,case-2cb2790135584fbec7b6-f0004,no_reference,,confirmed_broad
case-60517847296ec932aa51,case-60517847296ec932aa51-f0001,no_reference,,confirmed_broad
case-60517847296ec932aa51,case-60517847296ec932aa51-f0002,no_reference,,confirmed_broad
case-60517847296ec932aa51,case-60517847296ec932aa51-f0003,no_reference,,confirmed_broad
case-60517847296ec932aa51,case-60517847296ec932aa51-f0004,no_reference,,confirmed_broad
case-60517847296ec932aa51,case-60517847296ec932aa51-f0005,no_reference,,confirmed_broad
case-60517847296ec932aa51,case-60517847296ec932aa51-f0006,no_reference,,confirmed_broad
case-60517847296ec932aa51,case-60517847296ec932aa51-f0007,no_reference,,confirmed_broad
case-49ba87d78fec9fc37aa1,case-49ba87d78fec9fc37aa1-f0001,no_reference,,confirmed_broad
case-49ba87d78fec9fc37aa1,case-49ba87d78fec9fc37aa1-f0002,no_reference,,confirmed_broad
case-49ba87d78fec9fc37aa1,case-49ba87d78fec9fc37aa1-f0003,no_reference,,confirmed_broad
case-49ba87d78fec9fc37aa1,case-49ba87d78fec9fc37aa1-f0004,no_reference,,confirmed_broad
case-49ba87d78fec9fc37aa1,case-49ba87d78fec9fc37aa1-f0005,no_reference,,confirmed_broad
case-49ba87d78fec9fc37aa1,case-49ba87d78fec9fc37aa1-f0006,no_reference,,confirmed_broad
case-49ba87d78fec9fc37aa1,case-49ba87d78fec9fc37aa1-f0007,no_reference,,confirmed_broad
case-49ba87d78fec9fc37aa1,case-49ba87d78fec9fc37aa1-f0008,no_reference,,confirmed_broad
case-db0896f36ffe89aeed8a,case-db0896f36ffe89aeed8a-f0001,no_reference,,confirmed_broad
case-db0896f36ffe89aeed8a,case-db0896f36ffe89aeed8a-f0002,no_reference,,confirmed_broad
case-501f4049215a852666e2,case-501f4049215a852666e2-f0001,no_reference,,confirmed_broad
case-501f4049215a852666e2,case-501f4049215a852666e2-f0002,no_reference,,confirmed_broad
case-501f4049215a852666e2,case-501f4049215a852666e2-f0003,no_reference,,confirmed_broad
case-501f4049215a852666e2,case-501f4049215a852666e2-f0004,no_reference,,confirmed_broad
case-501f4049215a852666e2,case-501f4049215a852666e2-f0005,no_reference,,confirmed_broad
case-dc87cd42d1e9b184415b,case-dc87cd42d1e9b184415b-f0001,no_reference,,confirmed_broad
case-dc87cd42d1e9b184415b,case-dc87cd42d1e9b184415b-f0002,no_reference,,confirmed_broad
case-dc87cd42d1e9b184415b,case-dc87cd42d1e9b184415b-f0003,no_reference,,confirmed_broad
case-dc87cd42d1e9b184415b,case-dc87cd42d1e9b184415b-f0004,no_reference,,confirmed_broad
case-dc87cd42d1e9b184415b,case-dc87cd42d1e9b184415b-f0005,no_reference,,confirmed_broad
case-dc87cd42d1e9b184415b,case-dc87cd42d1e9b184415b-f0006,no_reference,,confirmed_broad
case-dc87cd42d1e9b184415b,case-dc87cd42d1e9b184415b-f0007,no_reference,,confirmed_broad
case-dc87cd42d1e9b184415b,case-dc87cd42d1e9b184415b-f0008,no_reference,,confirmed_broad
case-dc87cd42d1e9b184415b,case-dc87cd42d1e9b184415b-f0009,no_reference,,confirmed_broad
case-dc87cd42d1e9b184415b,case-dc87cd42d1e9b184415b-f0010,no_reference,,confirmed_broad
case-dc87cd42d1e9b184415b,case-dc87cd42d1e9b184415b-f0011,no_reference,,confirmed_broad
case-dc87cd42d1e9b184415b,case-dc87cd42d1e9b184415b-f0012,no_reference,,confirmed_broad
case-dc87cd42d1e9b184415b,case-dc87cd42d1e9b184415b-f0013,no_reference,,confirmed_broad
case-dc87cd42d1e9b184415b,case-dc87cd42d1e9b184415b-f0014,no_reference,,confirmed_broad
case-dc87cd42d1e9b184415b,case-dc87cd42d1e9b184415b-f0015,no_reference,,confirmed_broad
case-83dc15c25b665c37be9d,case-83dc15c25b665c37be9d-f0001,no_reference,,confirmed_broad
case-83dc15c25b665c37be9d,case-83dc15c25b665c37be9d-f0002,no_reference,,confirmed_broad
case-83dc15c25b665c37be9d,case-83dc15c25b665c37be9d-f0003,no_reference,,confirmed_broad
case-83dc15c25b665c37be9d,case-83dc15c25b665c37be9d-f0004,no_reference,,confirmed_broad
case-83dc15c25b665c37be9d,case-83dc15c25b665c37be9d-f0005,no_reference,,confirmed_broad
case-8770662c4f6043153da7,case-8770662c4f6043153da7-f0001,no_reference,,confirmed_broad
case-8770662c4f6043153da7,case-8770662c4f6043153da7-f0002,no_reference,,confirmed_broad
case-8770662c4f6043153da7,case-8770662c4f6043153da7-f0003,no_reference,,confirmed_broad
case-8770662c4f6043153da7,case-8770662c4f6043153da7-f0004,no_reference,,confirmed_broad
case-8770662c4f6043153da7,case-8770662c4f6043153da7-f0005,no_reference,,confirmed_broad
case-d7154845bbf7bf4e183a,case-d7154845bbf7bf4e183a-f0001,no_reference,,confirmed_broad
case-d7154845bbf7bf4e183a,case-d7154845bbf7bf4e183a-f0002,no_reference,,confirmed_broad
case-d7154845bbf7bf4e183a,case-d7154845bbf7bf4e183a-f0003,no_reference,,confirmed_broad
case-d7154845bbf7bf4e183a,case-d7154845bbf7bf4e183a-f0004,no_reference,,confirmed_broad
case-d7154845bbf7bf4e183a,case-d7154845bbf7bf4e183a-f0005,no_reference,,confirmed_broad
case-85f1a4f70f22fb6fa58f,case-85f1a4f70f22fb6fa58f-f0001,no_reference,,confirmed_broad
case-85f1a4f70f22fb6fa58f,case-85f1a4f70f22fb6fa58f-f0002,no_reference,,confirmed_broad
case-85f1a4f70f22fb6fa58f,case-85f1a4f70f22fb6fa58f-f0003,no_reference,,confirmed_broad
case-85f1a4f70f22fb6fa58f,case-85f1a4f70f22fb6fa58f-f0004,no_reference,,confirmed_broad
case-85f1a4f70f22fb6fa58f,case-85f1a4f70f22fb6fa58f-f0005,no_reference,,confirmed_broad
case-85f1a4f70f22fb6fa58f,case-85f1a4f70f22fb6fa58f-f0006,no_reference,,confirmed_broad
case-85f1a4f70f22fb6fa58f,case-85f1a4f70f22fb6fa58f-f0007,no_reference,,confirmed_broad
case-85f1a4f70f22fb6fa58f,case-85f1a4f70f22fb6fa58f-f0008,no_reference,,confirmed_broad
case-85f1a4f70f22fb6fa58f,case-85f1a4f70f22fb6fa58f-f0009,no_reference,,confirmed_broad
case-85f1a4f70f22fb6fa58f,case-85f1a4f70f22fb6fa58f-f0010,no_reference,,confirmed_broad
case-df4aa08de27bda8bfe40,case-df4aa08de27bda8bfe40-f0001,no_reference,,confirmed_broad
case-df4aa08de27bda8bfe40,case-df4aa08de27bda8bfe40-f0002,no_reference,,confirmed_broad
case-df4aa08de27bda8bfe40,case-df4aa08de27bda8bfe40-f0003,no_reference,,confirmed_broad
case-df4aa08de27bda8bfe40,case-df4aa08de27bda8bfe40-f0004,no_reference,,confirmed_broad
case-df4aa08de27bda8bfe40,case-df4aa08de27bda8bfe40-f0005,no_reference,,confirmed_broad
case-ff75976eee40d72f7511,case-ff75976eee40d72f7511-f0001,same_issue,sf-d3d6e563ba3e01cc9766,confirmed_broad
case-ff75976eee40d72f7511,case-ff75976eee40d72f7511-f0002,related_distinct,,confirmed_broad
case-ff75976eee40d72f7511,case-ff75976eee40d72f7511-f0003,related_distinct,,confirmed_broad
case-7e619218951594d5155d,case-7e619218951594d5155d-f0001,no_match,,confirmed_broad
case-6941800e5dad967c8891,case-6941800e5dad967c8891-f0001,no_match,,confirmed_broad
case-7e619218951594d5155d,case-7e619218951594d5155d-f0002,no_match,,confirmed_broad
case-7e619218951594d5155d,case-7e619218951594d5155d-f0003,no_match,,confirmed_broad
case-7e619218951594d5155d,case-7e619218951594d5155d-f0004,no_match,,confirmed_broad
case-7e619218951594d5155d,case-7e619218951594d5155d-f0005,no_match,,confirmed_broad
case-7e619218951594d5155d,case-7e619218951594d5155d-f0006,no_match,,confirmed_broad
case-7e619218951594d5155d,case-7e619218951594d5155d-f0007,no_match,,confirmed_broad
case-6941800e5dad967c8891,case-6941800e5dad967c8891-f0002,related_distinct,,confirmed_broad
case-6941800e5dad967c8891,case-6941800e5dad967c8891-f0003,related_distinct,,confirmed_broad
case-6941800e5dad967c8891,case-6941800e5dad967c8891-f0004,no_match,,confirmed_broad
case-6941800e5dad967c8891,case-6941800e5dad967c8891-f0005,related_distinct,,confirmed_broad
case-6941800e5dad967c8891,case-6941800e5dad967c8891-f0006,related_distinct,,confirmed_broad
case-6941800e5dad967c8891,case-6941800e5dad967c8891-f0007,related_distinct,,confirmed_broad
