rank,rule_id,introduced_alert_n,affected_pr_n,alert_percent
1,js/unused-local-variable,1290,315,19.52179176755448
2,js/useless-expression,593,17,8.973970944309928
3,js/automatic-semicolon-insertion,388,65,5.871670702179177
4,py/unused-import,325,115,4.918280871670702
5,java/missing-override-annotation,306,12,4.6307506053268765
6,js/useless-assignment-to-local,266,31,4.02542372881356
7,java/deprecated-call,231,8,3.4957627118644066
8,cpp/unused-static-variable,226,33,3.420096852300242
9,py/cyclic-import,199,50,3.011501210653753
10,py/unsafe-cyclic-import,197,46,2.9812348668280872
11,cpp/mistyped-function-arguments,175,24,2.6483050847457625
12,cpp/implicit-function-declaration,166,24,2.5121065375302662
13,py/unused-local-variable,149,57,2.2548426150121066
14,cpp/short-global-name,140,15,2.1186440677966103
15,js/trivial-conditional,117,45,1.7705811138014529
16,py/ineffectual-statement,101,34,1.528450363196126
17,cpp/local-variable-hides-global-variable,95,18,1.4376513317191284
18,js/implicit-operand-conversion,94,3,1.4225181598062955
19,py/import-and-import-from,76,30,1.1501210653753027
20,cpp/commented-out-code,67,9,1.0139225181598064
21,java/unused-parameter,59,10,0.8928571428571429
22,js/unneeded-defensive-code,59,8,0.8928571428571429
23,py/empty-except,56,32,0.847457627118644
24,js/malformed-html-id,55,2,0.8323244552058111
25,js/use-before-declaration,54,5,0.8171912832929782
26,py/mixed-returns,52,26,0.7869249394673123
27,py/unused-global-variable,52,26,0.7869249394673123
28,py/multiple-definition,39,22,0.5901937046004843
29,cpp/large-parameter,38,3,0.5750605326876513
30,java/local-variable-is-never-read,37,11,0.5599273607748184
31,js/use-of-returnless-function,36,3,0.5447941888619855
32,js/superfluous-trailing-arguments,32,11,0.48426150121065376
33,py/call/wrong-named-argument,32,8,0.48426150121065376
34,js/syntax-error,29,3,0.43886198547215494
35,py/uninitialized-local-variable,29,17,0.43886198547215494
36,rb/useless-assignment-to-local,27,4,0.4085956416464891
37,cpp/poorly-documented-function,25,5,0.37832929782082325
38,java/uncaught-number-format-exception,25,8,0.37832929782082325
39,js/redundant-operation,25,6,0.37832929782082325
40,cpp/declaration-hides-variable,24,4,0.36319612590799033
41,js/comparison-between-incompatible-types,24,9,0.36319612590799033
42,cpp/dead-code-goto,22,5,0.33292978208232443
43,py/catch-base-exception,22,13,0.33292978208232443
44,java/non-overriding-package-private,21,1,0.3177966101694915
45,js/unreachable-statement,21,9,0.3177966101694915
46,js/regex/duplicate-in-character-class,19,2,0.28753026634382567
47,java/confusing-method-signature,17,2,0.2572639225181598
48,java/unknown-javadoc-parameter,17,4,0.2572639225181598
49,cpp/duplicate-include-guard,16,3,0.24213075060532688
50,py/commented-out-code,16,10,0.24213075060532688
51,py/file-not-closed,16,10,0.24213075060532688
52,cpp/trivial-switch,14,9,0.211864406779661
53,py/unreachable-statement,14,14,0.211864406779661
54,java/inconsistent-javadoc-throws,12,5,0.18159806295399517
55,py/inheritance/signature-mismatch,12,9,0.18159806295399517
56,py/repeated-import,12,7,0.18159806295399517
57,py/unnecessary-pass,12,11,0.18159806295399517
58,cpp/function-in-block,11,3,0.16646489104116222
59,cpp/long-switch,11,2,0.16646489104116222
60,js/property-access-on-non-object,11,5,0.16646489104116222
61,py/missing-call-to-init,11,7,0.16646489104116222
62,py/not-named-self,11,9,0.16646489104116222
63,java/dereferenced-value-may-be-null,10,4,0.1513317191283293
64,js/duplicate-variable-declaration,10,1,0.1513317191283293
65,py/call/wrong-arguments,9,7,0.13619854721549637
66,go/useless-assignment-to-local,8,1,0.12106537530266344
67,java/evaluation-to-constant,8,2,0.12106537530266344
68,java/integer-multiplication-cast-to-long,8,3,0.12106537530266344
69,js/useless-assignment-to-property,8,5,0.12106537530266344
70,cpp/missing-header-guard,7,2,0.1059322033898305
71,py/not-named-cls,7,1,0.1059322033898305
72,py/overwritten-inherited-attribute,7,3,0.1059322033898305
73,py/procedure-return-value-used,7,3,0.1059322033898305
74,rb/uninitialized-local-variable,7,4,0.1059322033898305
75,cpp/loop-variable-changed,6,3,0.09079903147699758
76,java/useless-tostring-call,6,2,0.09079903147699758
77,js/template-syntax-in-string-literal,6,2,0.09079903147699758
78,py/modification-of-default-value,6,2,0.09079903147699758
79,py/test-equals-none,6,3,0.09079903147699758
80,cpp/include-non-header,5,2,0.07566585956416465
81,cpp/inconsistent-null-check,5,1,0.07566585956416465
82,js/missing-space-in-concatenation,5,2,0.07566585956416465
83,py/imprecise-assert,5,4,0.07566585956416465
84,py/undefined-export,5,4,0.07566585956416465
85,py/unnecessary-lambda,5,3,0.07566585956416465
86,cpp/useless-expression,4,3,0.06053268765133172
87,js/call-to-non-callable,4,3,0.06053268765133172
88,py/call/wrong-named-class-argument,4,1,0.06053268765133172
89,py/redundant-assignment,4,1,0.06053268765133172
90,py/redundant-comparison,4,2,0.06053268765133172
91,java/ignored-error-status-of-call,3,2,0.04539951573849879
92,js/missing-variable-declaration,3,2,0.04539951573849879
93,js/overwritten-property,3,2,0.04539951573849879
94,js/react/inconsistent-state-update,3,2,0.04539951573849879
95,js/react/unused-or-undefined-state-property,3,2,0.04539951573849879
96,py/attribute-shadows-method,3,1,0.04539951573849879
97,py/init-calls-subclass,3,2,0.04539951573849879
98,py/missing-equals,3,3,0.04539951573849879
99,py/polluting-import,3,2,0.04539951573849879
100,cpp/futile-params,2,2,0.03026634382566586
101,cpp/unused-static-function,2,1,0.03026634382566586
102,go/impossible-interface-nil-check,2,1,0.03026634382566586
103,go/missing-error-check,2,1,0.03026634382566586
104,java/missing-case-in-switch,2,2,0.03026634382566586
105,java/unused-reference-type,2,1,0.03026634382566586
106,js/duplicate-switch-case,2,2,0.03026634382566586
107,js/missing-await,2,1,0.03026634382566586
108,js/redundant-assignment,2,2,0.03026634382566586
109,js/regex/always-matches,2,1,0.03026634382566586
110,js/unknown-directive,2,1,0.03026634382566586
111,js/useless-assignment-in-return,2,1,0.03026634382566586
112,py/call-to-non-callable,2,2,0.03026634382566586
113,py/comparison-of-identical-expressions,2,1,0.03026634382566586
114,py/import-of-mutable-attribute,2,2,0.03026634382566586
115,py/inheritance/incorrect-overridden-signature,2,2,0.03026634382566586
116,py/multiple-calls-to-init,2,1,0.03026634382566586
117,py/overly-complex-delete,2,2,0.03026634382566586
118,py/super-not-enclosing-class,2,2,0.03026634382566586
119,cpp/ambiguously-signed-bit-field,1,1,0.01513317191283293
120,cpp/declaration-hides-parameter,1,1,0.01513317191283293
121,cpp/empty-if,1,1,0.01513317191283293
122,cpp/fixme-comment,1,1,0.01513317191283293
123,cpp/guarded-free,1,1,0.01513317191283293
124,cpp/missing-return,1,1,0.01513317191283293
125,cpp/nested-loops-with-same-variable,1,1,0.01513317191283293
126,cpp/stack-address-escape,1,1,0.01513317191283293
127,cpp/use-in-own-initializer,1,1,0.01513317191283293
128,go/duplicate-branches,1,1,0.01513317191283293
129,go/unhandled-writable-file-close,1,1,0.01513317191283293
130,go/unreachable-statement,1,1,0.01513317191283293
131,go/useless-expression,1,1,0.01513317191283293
132,java/class-name-matches-super-class,1,1,0.01513317191283293
133,java/contradictory-type-checks,1,1,0.01513317191283293
134,java/internal-representation-exposure,1,1,0.01513317191283293
135,java/non-static-nested-class,1,1,0.01513317191283293
136,java/random-used-once,1,1,0.01513317191283293
137,java/unsafe-double-checked-locking-init-order,1,1,0.01513317191283293
138,java/unused-container,1,1,0.01513317191283293
139,java/useless-null-check,1,1,0.01513317191283293
140,js/duplicate-html-attribute,1,1,0.01513317191283293
141,js/duplicate-property,1,1,0.01513317191283293
142,js/index-out-of-bounds,1,1,0.01513317191283293
143,js/unused-loop-variable,1,1,0.01513317191283293
144,py/equals-hash-mismatch,1,1,0.01513317191283293
145,py/exit-from-finally,1,1,0.01513317191283293
146,py/illegal-raise,1,1,0.01513317191283293
147,py/import-own-module,1,1,0.01513317191283293
148,py/mixed-tuple-returns,1,1,0.01513317191283293
149,py/non-iterable-in-for-loop,1,1,0.01513317191283293
150,py/print-during-import,1,1,0.01513317191283293
151,py/redundant-else,1,1,0.01513317191283293
152,py/return-or-yield-outside-function,1,1,0.01513317191283293
153,py/side-effect-in-assert,1,1,0.01513317191283293
154,py/syntax-error,1,1,0.01513317191283293
155,py/unnecessary-delete,1,1,0.01513317191283293
156,py/unreachable-except,1,1,0.01513317191283293
157,rb/database-query-in-loop,1,1,0.01513317191283293
